battery_power,ram,int_memory,mobile_wt,processor_speed,fc,pc,n_cores,talk_time,brand,os,touch_screen,wifi,three_g,four_g,dual_sim,price
3249,7241,206600,223.02,2.07,15,24,5,13.32,Vivo,iOS,0,1,1,0,0,32.73
3330,10869,206113,115.85,1.88,10,36,6,34.2,Motorola,Android,0,1,0,0,1,30.0
3260,6630,270725,202.83,2.73,7,94,6,25.21,Xiaomi,iOS,1,1,0,1,0,33.81
3406,5399,77190,218.87,1.69,14,15,5,28.17,Xiaomi,Android,1,1,1,0,1,32.92
4443,1604,238850,123.52,2.2,15,50,6,36.15,Xiaomi,iOS,0,1,1,1,0,28.71
2538,14225,69526,108.71,2.96,8,12,4,23.07,Samsung,iOS,0,0,1,0,0,26.28
4245,14388,213072,170.61,3.04,9,97,6,12.68,Oppo,iOS,1,0,0,1,0,34.89
5182,9530,395939,234.04,2.02,11,26,5,28.12,Vivo,iOS,0,0,0,1,1,38.78
5836,8859,364219,105.1,2.8,6,86,8,23.49,Huawei,iOS,1,0,1,1,1,31.89
4395,12867,489046,223.32,2.39,29,85,8,20.05,Oppo,Android,0,0,1,1,1,48.95
4883,15720,444546,243.25,2.16,20,104,4,25.41,Oppo,iOS,0,0,0,0,0,44.62
5249,13326,368398,100.42,1.94,20,98,4,29.22,Oppo,Android,1,1,0,1,0,37.08
3152,3434,178624,207.78,2.17,17,106,6,23.04,Samsung,iOS,0,0,1,0,1,32.21
3788,6033,328955,145.75,2.63,11,55,5,19.97,Samsung,Android,0,0,0,0,1,28.61
4173,10411,124889,232.39,2.82,8,69,8,38.87,Huawei,iOS,0,0,0,0,0,36.18
4694,12013,405333,190.52,3.05,11,74,6,36.59,Samsung,Android,1,1,1,1,1,42.21
1699,13610,149197,191.3,2.93,27,56,7,39.36,Realme,Android,0,1,0,1,0,43.54
5256,2896,164386,182.52,1.89,13,89,7,39.02,Huawei,iOS,0,0,1,0,1,31.39
4037,4134,456283,176.75,3.21,8,102,7,34.41,Xiaomi,iOS,0,1,0,1,1,34.96
4935,7814,203949,204.57,2.59,6,68,8,24.56,Motorola,iOS,0,0,0,1,1,33.43
4265,9988,323249,181.88,1.46,18,49,8,24.96,Tecno,iOS,0,0,0,1,1,38.21
1870,4699,30215,223.56,2.33,18,20,7,29.66,OnePlus,Android,0,0,0,0,1,32.68
5783,1540,414571,159.94,2.03,19,106,4,29.24,Huawei,Android,1,0,1,1,1,34.49
5213,13094,300506,239.27,2.24,11,71,6,36.23,Apple,iOS,0,0,0,0,1,40.74
5057,11748,63887,197.95,1.65,17,77,6,18.77,Apple,iOS,1,0,0,0,0,34.81
1387,10164,9193,170.66,3.22,31,66,5,27.83,OnePlus,Android,1,1,1,0,1,38.89
4674,3280,84257,167.81,3.29,27,85,5,19.21,Realme,Android,0,0,1,1,1,33.36
2198,13544,188731,111.11,2.06,23,85,4,38.68,Vivo,iOS,0,1,1,0,1,35.85
5238,1995,369697,183.61,1.55,17,76,6,22.36,Realme,iOS,1,0,1,0,0,32.54
5195,2523,328783,218.72,2.09,19,52,4,38.77,Xiaomi,Android,1,1,0,1,1,38.53
5915,3980,444559,150.49,1.9,19,25,8,13.69,Huawei,iOS,0,1,0,1,0,33.58
3296,15257,91322,232.57,2.83,25,39,5,29.35,Motorola,iOS,1,1,1,0,0,44.01
1788,2518,415093,249.09,2.12,11,46,8,33.22,Samsung,iOS,0,1,1,1,0,37.36
1235,14809,164268,108.87,1.61,26,36,6,31.03,Apple,iOS,1,0,1,0,1,37.11
4907,7759,335572,153.75,3.41,15,80,7,29.23,Vivo,Android,1,1,1,1,0,37.24
2682,6473,332250,179.33,2.25,28,92,7,13.93,Huawei,Android,1,0,1,0,1,38.57
4482,14474,473085,120.33,3.31,8,34,7,35.71,Tecno,Android,1,0,1,1,1,38.85
5805,15889,53711,198.93,3.0,8,60,7,35.7,Huawei,iOS,1,0,1,0,1,38.47
1035,6215,321045,214.77,1.3,9,97,7,31.53,Huawei,Android,1,0,1,1,0,35.22
5518,1000,381132,104.81,2.5,18,91,8,16.98,Apple,iOS,1,0,1,1,1,30.67
3690,1917,153283,167.62,1.48,28,73,4,18.57,OnePlus,Android,1,0,0,1,1,32.6
2327,2532,168012,158.76,2.07,17,15,4,25.82,Realme,Android,1,0,0,1,1,29.21
1932,6557,459508,231.8,3.49,14,54,6,25.19,Huawei,Android,1,0,0,1,1,40.3
5059,13567,277169,181.69,3.36,14,33,8,31.82,Realme,iOS,1,0,1,0,0,40.05
2489,10866,25038,232.8,2.95,15,64,4,22.64,Motorola,iOS,0,1,0,0,1,34.9
2225,8208,43038,207.99,1.54,27,70,6,13.71,Oppo,Android,0,0,0,1,0,35.25
1054,10889,396019,131.96,1.32,26,88,8,15.16,OnePlus,iOS,0,1,1,0,0,36.76
4562,14889,320055,171.7,2.8,14,28,7,22.31,Oppo,Android,1,1,0,0,1,39.62
5042,9581,210302,160.43,2.34,6,15,5,25.5,Apple,Android,0,0,1,1,0,29.78
2810,14709,153156,126.72,1.86,30,8,4,10.72,Tecno,Android,0,1,0,1,1,36.63
1039,8395,287104,197.74,2.2,6,80,5,15.87,Realme,Android,0,1,0,0,1,30.18
1549,4268,250050,158.58,2.82,9,73,6,20.7,Huawei,iOS,0,0,0,1,0,27.38
5791,1024,402876,193.45,2.28,29,91,8,24.93,Samsung,iOS,1,1,0,1,1,41.35
1139,2293,39642,211.67,2.19,8,34,7,29.57,Motorola,Android,1,0,1,1,1,29.61
1783,13980,305229,124.45,2.26,11,34,8,10.02,Samsung,Android,1,0,1,1,0,33.27
3681,10485,450468,149.36,2.49,7,13,7,21.26,Samsung,Android,0,0,0,1,1,33.46
2536,7983,51284,111.47,1.32,6,34,8,28.66,Xiaomi,iOS,0,1,0,0,0,23.73
1602,5597,51340,135.92,2.39,14,79,7,11.85,Realme,Android,1,0,1,0,0,25.81
4684,1200,213513,214.05,2.65,12,76,6,10.04,Vivo,Android,0,0,1,0,1,28.78
5864,5176,317430,130.08,1.2,24,28,6,36.39,OnePlus,Android,1,1,0,0,0,34.7
3100,5838,373001,197.55,2.57,28,65,5,29.94,OnePlus,Android,0,1,0,1,1,41.1
3179,3872,275025,173.22,1.63,7,47,6,38.32,OnePlus,iOS,1,1,1,0,0,30.2
1144,14505,390926,220.35,1.66,18,27,4,30.67,Tecno,iOS,0,1,0,1,0,41.93
2067,9548,62676,100.92,3.07,32,29,4,17.33,Tecno,iOS,1,0,1,1,0,33.33
4997,6033,278855,204.86,1.23,23,78,5,29.49,Samsung,Android,1,0,0,1,0,38.28
1666,8229,234535,165.66,2.18,21,84,4,16.11,Oppo,iOS,1,0,0,1,0,33.71
2547,1964,80228,218.05,3.11,5,18,6,38.79,Motorola,iOS,0,0,0,0,1,27.86
4033,11795,267225,229.05,1.83,10,41,8,13.87,Apple,Android,0,1,1,1,0,37.6
2670,7819,491627,206.53,2.8,21,55,6,24.23,Apple,iOS,0,0,0,0,1,39.7
3568,11045,353468,215.95,1.83,19,69,8,39.1,Huawei,Android,0,1,1,0,1,43.25
1186,5547,473653,128.8,2.19,10,10,4,33.63,Motorola,iOS,1,0,1,0,1,30.24
5709,14782,146776,137.09,2.99,28,74,8,30.7,Apple,iOS,1,1,0,1,0,43.07
1447,5676,463260,236.64,2.99,20,24,6,25.26,Tecno,iOS,1,0,1,1,0,41.32
5545,9064,110578,150.55,1.98,21,26,5,21.22,OnePlus,iOS,1,1,1,1,1,35.06
4387,6540,283356,151.97,1.63,29,50,8,18.2,Tecno,iOS,0,0,1,0,0,35.6
3515,8536,26159,234.77,1.73,14,11,4,14.77,Huawei,Android,1,0,1,0,0,31.76
4693,10887,368972,144.94,2.99,12,89,5,10.45,Motorola,iOS,1,1,0,1,1,34.8
4657,7565,119013,127.07,2.56,15,104,6,12.8,Vivo,Android,0,0,1,1,0,28.25
3230,12438,233381,170.97,2.82,11,30,5,17.62,OnePlus,Android,0,1,1,1,1,34.52
5804,2901,494832,130.49,2.67,25,53,7,15.06,Huawei,iOS,1,0,1,0,1,35.27
4967,15510,86524,179.36,2.32,6,41,6,13.06,Huawei,Android,1,1,1,1,0,33.9
3875,5887,191333,150.0,1.78,8,60,6,21.52,Samsung,Android,0,0,1,1,1,27.81
1357,4459,111640,161.2,2.72,12,88,8,32.41,Realme,Android,0,0,1,0,0,28.58
4435,7856,319195,214.39,2.73,7,40,8,35.2,Tecno,iOS,1,1,0,0,0,36.73
1777,9860,196559,178.06,1.3,32,90,7,32.98,Apple,iOS,1,1,0,1,1,43.26
1227,12976,21514,195.73,2.77,27,88,4,14.79,Samsung,iOS,1,1,0,0,0,37.49
1219,2661,454561,146.04,2.74,13,22,4,18.28,OnePlus,Android,0,0,0,0,1,27.39
4757,4903,283684,248.09,3.22,6,28,8,35.43,Realme,Android,0,0,0,1,0,35.93
2919,2229,474851,142.93,1.5,32,87,6,28.2,Tecno,Android,1,1,0,1,1,39.24
3051,9416,81145,178.42,2.85,19,36,6,34.43,Oppo,Android,0,0,0,1,0,35.04
2906,11414,360926,116.17,2.93,5,36,5,27.56,Motorola,Android,1,1,0,1,1,32.05
2700,6764,244037,176.78,1.47,23,97,7,35.26,Samsung,iOS,1,0,1,1,1,39.06
3535,8574,440066,161.16,1.77,19,11,5,19.18,Xiaomi,Android,1,1,0,0,1,36.13
3075,9702,165928,131.59,2.33,19,77,4,33.46,Xiaomi,iOS,1,1,0,0,1,33.6
5290,9199,338340,102.16,1.36,29,31,4,32.38,Vivo,iOS,0,0,0,1,1,36.14
2956,4433,294748,121.46,1.41,24,10,5,30.42,Realme,Android,0,0,1,1,0,31.35
1375,4406,506838,116.06,2.31,28,14,7,24.64,Samsung,Android,1,0,1,1,0,36.65
2167,5643,87566,109.46,2.03,9,101,6,26.22,Xiaomi,Android,1,0,1,1,1,26.09
5536,14241,166869,170.48,3.28,21,83,7,15.37,Oppo,Android,1,1,0,1,0,40.33
3509,5525,429696,240.04,1.71,32,55,7,26.0,Huawei,iOS,0,1,0,1,1,45.59
3410,8391,418751,218.21,2.3,32,101,8,28.14,Motorola,iOS,0,1,0,0,0,45.29
1972,12435,8756,217.35,2.42,18,26,5,22.74,OnePlus,Android,0,1,0,0,1,35.62
2546,5839,229710,248.17,2.41,13,56,4,18.24,Apple,Android,1,1,1,1,0,35.69
5546,14491,276532,243.95,2.94,32,53,5,34.76,Vivo,Android,1,0,1,0,1,50.44
1697,1434,185738,182.34,2.69,29,73,7,36.21,Xiaomi,Android,1,1,1,1,0,37.99
4083,6222,258644,146.26,3.29,20,26,4,23.61,Motorola,Android,1,0,0,0,1,32.6
5963,11298,108556,145.65,2.2,14,56,6,12.83,Tecno,iOS,0,0,1,1,1,31.65
4136,4360,423951,163.67,2.49,16,19,6,16.38,Huawei,iOS,1,0,1,1,1,34.21
5690,10404,62791,140.13,2.19,14,102,8,27.97,Xiaomi,Android,0,1,1,0,0,31.89
1121,5175,497475,210.23,2.51,26,12,6,37.14,Realme,iOS,0,1,0,0,1,41.55
1775,11174,202407,144.72,3.43,31,12,8,16.67,Samsung,iOS,1,1,0,0,0,39.18
5712,12906,191576,173.63,3.12,13,55,7,28.58,Apple,Android,0,0,0,1,1,37.42
1337,13476,345877,235.01,2.62,11,38,8,32.42,Xiaomi,Android,1,1,1,0,1,43.03
1681,12454,206568,236.16,2.92,9,91,7,23.6,Xiaomi,iOS,0,0,1,1,1,38.53
2495,11390,150951,140.43,2.47,25,33,4,22.36,Samsung,iOS,1,0,0,0,0,34.15
4730,3812,29317,228.09,1.38,31,51,8,34.91,Motorola,Android,0,1,1,1,0,39.94
2388,13513,300767,218.15,2.65,11,103,5,25.21,Huawei,iOS,1,0,1,1,0,39.73
5522,6597,497969,131.57,2.87,7,17,8,14.89,Apple,Android,1,1,0,1,1,32.84
5015,13177,294397,134.66,3.26,20,101,4,25.16,Samsung,Android,0,0,0,1,1,37.34
1457,2622,280380,227.85,2.36,27,8,6,39.67,Apple,iOS,1,0,1,0,1,40.06
3316,15136,61607,107.82,1.58,8,46,6,24.78,Motorola,iOS,1,0,0,1,0,29.44
1344,12883,283623,236.85,1.57,28,93,4,29.68,Motorola,Android,0,1,1,1,1,45.61
4416,9226,439817,184.88,1.43,15,82,7,21.24,Huawei,Android,1,0,0,1,1,38.75
3673,3464,68037,131.61,1.63,17,79,8,25.43,Vivo,Android,1,1,1,1,1,30.22
3927,13134,216957,228.44,1.92,11,49,4,26.79,Xiaomi,iOS,0,1,0,1,1,38.19
1084,9668,349326,155.27,3.16,21,8,5,10.96,Samsung,iOS,0,1,0,1,0,34.59
5705,7397,404196,141.84,1.33,23,72,7,14.45,Apple,Android,0,1,0,1,0,35.57
5684,2943,372959,200.42,1.54,17,102,7,33.42,Oppo,Android,1,1,1,1,0,38.02
2346,6029,289468,182.6,1.82,25,75,4,31.72,Vivo,Android,0,1,0,1,1,37.4
1406,8594,24962,167.2,1.55,13,76,7,11.4,OnePlus,iOS,1,0,0,0,1,28.54
5154,6346,120488,158.88,1.26,24,83,5,34.49,Realme,iOS,1,1,1,0,1,35.34
3795,2645,507756,228.52,1.48,22,19,8,19.94,Oppo,Android,0,1,1,1,0,39.61
2881,6760,405809,129.68,3.13,11,81,6,13.45,Realme,iOS,0,0,1,0,0,28.58
5225,3484,503728,135.62,3.39,18,106,8,15.04,Huawei,iOS,0,0,0,0,0,32.32
5154,2190,264028,132.43,2.19,19,55,5,12.89,OnePlus,Android,0,1,1,1,0,28.26
4107,9338,128662,221.08,3.04,24,97,8,18.6,Realme,iOS,0,0,0,0,0,38.51
1404,12298,419981,158.69,1.9,27,97,5,22.59,Samsung,iOS,0,0,0,0,0,38.83
1472,4875,468981,126.62,1.35,26,103,4,39.1,Tecno,Android,0,0,1,0,1,34.98
1006,9394,16799,214.33,2.52,25,93,6,18.29,Samsung,iOS,0,1,1,0,0,36.04
3025,15009,493393,197.9,1.8,14,82,7,31.13,Vivo,iOS,1,1,1,0,0,43.4
3238,9186,373246,166.65,1.75,6,94,7,31.53,Tecno,Android,0,0,0,1,0,32.88
5367,11939,19282,211.32,3.2,20,45,6,37.71,Apple,iOS,1,1,1,0,1,41.04
2847,14609,97842,177.37,1.87,14,84,5,35.57,Oppo,Android,0,0,0,0,1,35.32
5057,1941,38561,181.45,2.61,17,108,8,16.53,Tecno,Android,0,1,1,1,1,30.76
3177,11142,496567,134.46,1.73,31,48,8,29.32,Apple,Android,1,0,0,1,0,43.72
3841,6608,123257,153.7,2.72,26,51,6,30.52,Oppo,iOS,1,1,1,1,1,37.51
1571,10714,200942,247.27,3.02,28,104,5,18.5,Apple,iOS,0,1,1,0,1,42.87
1515,12935,289088,194.99,2.25,14,97,7,30.6,Vivo,Android,1,1,0,1,1,41.02
4290,5052,466704,178.33,2.55,7,89,8,32.88,Vivo,Android,0,1,1,1,1,35.61
2764,3585,174312,104.93,3.07,30,24,6,39.45,Realme,Android,1,0,1,0,0,33.16
1515,1416,390433,118.88,3.17,15,76,8,23.62,Xiaomi,Android,0,1,0,1,1,29.98
1950,7022,359005,112.45,3.45,7,80,7,39.06,Samsung,iOS,1,0,0,1,0,31.26
5159,15514,184207,163.88,2.91,6,47,4,12.72,Huawei,iOS,0,0,0,1,1,32.14
5055,1768,89497,176.03,1.46,25,32,4,34.95,Oppo,iOS,1,1,1,1,1,34.17
1256,4695,82469,158.72,2.36,31,39,4,28.27,OnePlus,iOS,1,0,0,1,0,34.16
5822,5426,32806,132.56,3.04,27,35,4,29.73,Huawei,iOS,0,1,0,0,0,30.84
4324,5089,451932,232.01,2.81,32,89,7,34.67,Oppo,iOS,0,1,0,1,1,47.22
3837,4428,228247,230.84,2.0,29,75,7,37.62,Oppo,iOS,1,0,0,0,0,41.33
4684,8291,477563,245.69,2.92,18,39,8,39.85,Huawei,iOS,1,0,0,0,0,44.86
1142,11943,130653,246.85,3.15,6,65,6,25.45,Oppo,Android,0,1,1,1,0,36.35
5818,10057,331500,132.63,3.28,16,13,5,28.82,Vivo,Android,0,0,1,1,0,34.59
4066,14115,288820,101.59,2.92,9,13,4,31.77,OnePlus,iOS,0,1,0,0,1,31.13
4639,7803,276854,110.96,3.04,17,73,5,10.59,Samsung,Android,0,1,0,0,0,28.43
1214,6095,462544,129.85,2.51,26,23,5,20.1,Vivo,Android,0,1,1,0,1,34.79
1779,12873,378554,239.43,1.89,19,41,6,37.55,Realme,Android,0,1,1,1,0,44.83
1164,3736,200464,118.94,3.04,12,102,8,21.07,Huawei,iOS,0,1,0,1,1,27.71
4494,2617,240734,216.67,2.18,27,69,5,20.43,Vivo,iOS,0,0,0,0,0,34.83
1294,5412,260177,138.47,3.05,31,8,4,36.89,Tecno,iOS,0,0,1,0,0,34.74
4897,11745,228401,153.99,2.99,21,48,7,39.11,Huawei,iOS,0,0,0,1,0,39.1
4272,15178,439787,132.46,1.27,27,44,7,13.05,Vivo,iOS,1,0,0,0,1,40.95
2040,8527,228813,102.45,3.09,25,78,8,34.92,Motorola,iOS,1,0,1,0,1,36.13
3792,9441,102083,116.37,1.44,25,51,6,24.81,Xiaomi,iOS,0,1,0,1,1,33.33
4679,2847,162130,202.07,2.22,14,83,6,31.49,Samsung,Android,1,1,1,0,0,32.59
4281,4648,484820,228.18,2.25,18,93,4,37.25,Xiaomi,iOS,1,0,1,1,1,41.59
5456,6317,505593,173.72,2.24,17,102,6,12.18,Realme,iOS,1,1,1,0,1,36.89
4649,9257,205251,100.23,2.41,22,69,8,14.1,Huawei,Android,0,1,1,1,0,32.62
2700,13799,67265,163.96,2.4,31,52,4,38.64,Vivo,iOS,0,0,0,0,0,39.04
1806,8880,427635,115.25,1.87,21,54,6,19.61,Vivo,Android,1,0,1,0,1,34.33
5211,5086,206126,236.88,1.58,13,8,7,16.03,Huawei,iOS,1,0,1,0,1,34.23
2963,2019,428708,183.78,2.19,28,42,8,18.88,OnePlus,Android,0,0,0,1,0,37.04
4328,8234,497170,230.48,1.91,29,39,4,12.45,Huawei,iOS,0,1,0,1,1,43.53
3785,13147,219978,229.79,2.42,22,60,8,13.07,OnePlus,Android,1,0,1,0,1,42.65
2618,13616,170146,143.2,1.64,15,38,7,16.93,Realme,Android,1,0,1,1,0,34.19
1917,9227,105018,177.27,1.52,18,22,5,14.78,Huawei,iOS,0,0,1,0,1,30.67
3904,14280,357743,167.91,2.46,31,60,7,13.58,Tecno,iOS,0,0,1,0,0,42.22
1970,9631,197067,126.7,2.26,9,65,6,31.78,Tecno,iOS,0,0,0,1,0,29.1
4341,6008,423591,156.91,2.28,19,37,5,10.48,Motorola,iOS,1,1,1,0,0,33.39
4681,12888,175332,140.12,2.66,7,24,5,32.34,OnePlus,iOS,1,0,0,0,0,31.11
2707,5621,268976,229.88,2.52,19,46,6,38.34,Motorola,Android,1,0,0,1,1,40.27
2938,7257,310275,212.5,2.26,10,24,6,22.9,Apple,iOS,1,1,0,0,0,34.06
1297,14698,441640,115.66,2.42,16,94,4,18.03,Xiaomi,iOS,0,1,0,1,1,35.75
1618,14757,256555,135.3,1.4,30,10,7,20.42,Oppo,Android,1,0,1,0,0,39.51
1229,15594,209451,215.57,2.64,5,49,7,36.63,Realme,iOS,1,1,1,1,1,40.61
5183,7207,315572,215.25,1.79,17,58,8,18.84,Huawei,iOS,0,0,0,1,0,37.11
5454,15402,381691,242.13,2.2,31,104,6,11.61,Tecno,iOS,0,1,1,1,1,49.91
3515,10713,230591,128.57,3.02,18,30,7,17.24,Xiaomi,iOS,0,0,0,1,0,32.86
2396,4765,112400,246.46,3.24,22,102,5,30.12,Huawei,Android,0,1,1,0,0,37.02
4478,3718,477915,117.6,1.45,29,15,7,24.42,Realme,Android,0,1,1,0,0,34.75
5090,14739,417918,194.17,2.37,8,31,4,16.84,Xiaomi,iOS,0,0,1,1,1,37.44
5117,10556,224671,148.06,1.59,9,74,6,14.72,Realme,Android,1,1,0,0,1,30.95
3910,15097,213402,216.47,1.71,13,58,7,18.02,Realme,iOS,1,1,0,0,1,39.64
2387,11664,16252,114.05,3.18,16,89,7,36.56,OnePlus,iOS,0,0,1,1,0,32.12
3953,10095,485641,175.29,2.57,17,50,8,25.77,Huawei,iOS,0,0,0,0,1,38.97
5214,2428,238563,200.45,3.15,19,20,5,23.19,Realme,iOS,0,0,1,1,1,33.91
4146,15419,187033,131.72,2.9,5,40,6,26.42,Xiaomi,iOS,1,1,0,1,1,33.95
5069,2681,33829,147.24,3.24,10,52,6,37.65,Samsung,iOS,1,1,0,0,0,27.12
1208,5254,473649,206.92,2.02,8,94,8,15.28,Samsung,Android,1,1,1,1,1,35.95
2150,2922,230878,194.74,2.98,12,16,8,11.61,Huawei,Android,0,0,1,1,1,30.44
5891,11122,329829,198.84,2.04,14,49,6,39.83,Apple,iOS,1,0,0,1,1,41.31
4498,6727,27760,198.26,2.99,31,27,7,19.0,Huawei,Android,0,1,0,0,1,37.42
2320,8392,76722,111.13,3.06,5,65,4,31.85,Motorola,Android,1,0,0,0,1,24.87
5753,10410,304913,164.5,3.41,14,80,6,25.56,Xiaomi,Android,1,0,1,1,1,38.15
1677,9091,341021,215.08,2.58,24,39,5,30.44,Samsung,iOS,1,0,1,1,1,42.81
3275,12387,309911,100.01,2.83,21,81,7,39.06,Samsung,Android,0,0,1,1,0,37.29
4826,14422,246121,221.22,1.95,21,89,6,10.86,Samsung,Android,1,1,1,0,0,41.65
5664,6683,276396,193.04,1.96,24,21,7,12.05,Samsung,iOS,1,1,1,1,0,38.38
2869,6199,352003,217.45,2.77,14,23,6,16.92,Huawei,iOS,0,0,1,0,1,34.51
5725,6681,193988,231.67,2.15,26,55,7,38.87,Vivo,Android,1,1,1,1,1,44.7
2705,12764,383688,141.36,2.91,27,39,8,28.79,OnePlus,Android,1,1,1,1,0,43.75
3023,7182,173006,155.55,2.79,7,74,8,11.16,Vivo,iOS,1,1,1,0,0,28.42
3396,12942,94552,166.3,1.22,14,90,4,34.74,Samsung,Android,1,0,1,1,0,34.85
1367,2593,376834,215.03,2.86,12,17,6,22.76,Samsung,iOS,0,1,0,0,0,31.66
5021,9177,205793,174.03,2.41,17,29,5,21.27,Realme,iOS,0,1,0,0,1,33.64
1137,7904,33669,103.57,2.2,27,40,4,36.99,Huawei,Android,1,1,1,0,1,32.15
2651,8547,455645,100.51,3.19,14,71,6,23.72,Huawei,Android,0,0,1,0,1,31.45
5589,9786,166340,194.86,2.22,25,91,8,14.66,Realme,iOS,0,1,0,1,0,39.18
5599,11719,427162,182.65,2.78,24,56,6,24.91,Samsung,Android,0,1,1,0,0,41.93
4363,14894,78557,136.44,1.98,26,47,8,39.82,Apple,Android,0,0,1,0,0,38.92
2558,14159,55376,221.19,2.58,8,68,5,26.37,Realme,iOS,0,0,1,1,1,35.73
2035,8234,445513,198.78,1.82,5,83,8,23.09,Realme,iOS,1,1,0,0,1,35.22
1926,11805,357692,173.57,2.03,24,18,6,32.06,OnePlus,Android,1,0,1,1,0,41.71
3260,11462,158146,242.07,1.42,30,50,6,10.26,Huawei,Android,1,0,0,0,0,41.35
1038,5429,91393,193.36,1.29,29,46,8,17.13,Huawei,iOS,0,0,0,0,0,33.59
4314,5966,79414,240.09,1.26,26,89,5,28.59,Apple,Android,0,1,1,0,1,38.13
1876,1367,109168,232.61,2.39,19,93,8,11.68,Realme,Android,0,1,1,0,0,31.57
3306,3260,90130,121.63,2.92,11,17,8,22.62,OnePlus,iOS,0,0,0,0,1,24.22
4143,11436,74340,141.53,2.97,16,82,6,39.95,Apple,Android,1,1,0,0,0,34.75
4108,12710,400029,202.77,3.26,29,24,7,10.48,Vivo,iOS,0,1,1,0,0,43.69
1409,13990,439545,199.81,3.26,5,14,6,27.05,Apple,iOS,0,1,1,1,1,38.84
2647,7931,55199,216.87,2.6,21,82,8,15.08,Samsung,iOS,0,0,0,0,0,34.33
5009,12722,131110,127.76,2.44,27,17,6,15.8,Vivo,iOS,1,1,1,1,0,37.5
1727,4822,450956,201.37,1.24,7,30,4,39.59,Samsung,Android,0,0,0,1,0,32.12
2602,12868,372515,112.98,1.86,8,29,5,21.25,OnePlus,Android,0,1,0,0,1,30.03
1788,14176,227111,196.45,1.56,10,70,4,13.49,Motorola,Android,0,1,0,1,1,34.46
3410,12107,167929,241.55,1.95,11,95,5,12.85,Motorola,Android,0,1,1,1,0,36.39
1279,13052,150635,168.22,2.55,19,54,4,10.11,Vivo,iOS,0,0,0,1,1,33.79
2555,1449,221645,153.82,3.05,26,27,7,36.27,Samsung,iOS,1,0,1,1,0,35.2
4709,12360,284098,220.14,3.38,19,81,4,27.87,Vivo,iOS,0,0,1,0,0,40.14
1683,12437,186747,103.41,2.86,14,96,4,32.78,Motorola,Android,1,1,0,1,1,33.22
3139,15416,209861,184.27,3.46,17,50,5,23.54,Huawei,iOS,1,0,1,0,1,39.58
2760,7923,100275,130.44,1.48,28,83,7,27.83,Apple,iOS,1,1,1,1,0,35.97
1269,8154,36439,181.08,3.3,31,35,7,28.89,Realme,iOS,1,1,0,0,1,39.19
5437,6777,511949,146.47,2.86,19,17,5,28.97,Realme,Android,0,0,1,0,0,35.2
5611,11400,471452,164.97,1.71,6,26,4,21.71,Huawei,iOS,0,1,1,1,1,34.49
2204,5857,473771,153.12,3.45,10,21,4,38.62,Motorola,Android,1,1,1,0,1,34.15
4466,8720,257990,237.95,3.24,24,100,8,16.87,OnePlus,iOS,1,1,0,0,0,42.52
2797,13073,459775,172.66,2.04,6,10,8,19.19,Tecno,iOS,1,1,0,0,1,36.5
2301,8918,50919,189.1,1.38,17,35,4,13.82,OnePlus,iOS,1,0,0,0,0,29.8
5074,13175,304423,110.08,3.24,14,18,5,10.5,Xiaomi,iOS,1,0,1,1,0,32.89
1065,14813,364413,205.3,2.37,20,62,8,11.11,OnePlus,Android,0,0,1,0,1,41.08
4550,10014,302509,151.11,2.53,29,63,4,27.06,Xiaomi,iOS,0,0,0,1,0,38.5
2373,10310,206271,127.39,2.88,26,14,5,10.69,Xiaomi,iOS,1,1,0,0,1,34.25
5943,6359,161099,101.13,3.47,21,78,7,30.98,Xiaomi,Android,0,0,1,1,1,32.71
5195,10702,418314,104.12,1.78,12,55,8,32.98,Motorola,Android,1,0,0,1,0,34.85
4589,3524,244136,108.42,1.28,9,77,4,38.08,Oppo,iOS,0,1,1,0,1,25.29
4448,12613,198356,197.64,1.84,23,74,8,28.26,Vivo,Android,1,0,1,1,0,42.69
4495,8025,165197,210.99,2.42,31,64,7,17.38,Motorola,iOS,0,0,1,1,1,41.26
3352,6395,87931,145.05,2.58,5,45,5,11.28,Realme,Android,1,1,1,1,1,25.85
4945,9187,154680,164.32,1.93,22,99,4,17.21,Motorola,Android,0,1,0,1,0,33.87
2604,8808,286698,211.75,2.51,32,107,8,27.16,OnePlus,Android,0,0,0,1,0,44.02
3951,8624,322259,121.63,1.56,15,85,6,32.93,Tecno,iOS,0,0,0,1,1,32.88
1735,11973,22697,156.16,3.08,20,64,5,29.36,Vivo,Android,0,0,1,0,0,32.96
2045,11415,344564,120.7,3.16,10,10,8,13.19,Apple,Android,1,1,0,1,0,32.7
4943,6748,210829,174.59,3.49,28,24,7,37.08,Realme,Android,1,0,1,1,1,41.85
3102,8185,286972,230.81,2.89,15,107,5,11.03,Huawei,iOS,1,0,1,0,1,36.73
1429,13033,324329,194.74,1.76,32,20,8,32.77,Huawei,iOS,0,1,0,0,0,44.8
4918,3206,455188,218.55,2.93,17,44,6,24.48,Vivo,iOS,0,0,1,0,1,36.72
3664,6740,137808,165.45,2.13,14,54,8,23.34,Oppo,Android,1,0,0,0,1,31.7
3917,11102,100858,189.09,1.39,31,76,4,24.19,Oppo,iOS,1,1,0,1,0,40.43
4761,5955,327667,247.35,2.51,31,72,7,29.36,Motorola,Android,1,0,1,0,0,45.03
4388,14024,192590,148.95,1.33,22,63,4,18.25,Oppo,Android,1,1,0,1,1,37.64
5366,7327,32587,220.21,1.23,25,88,5,36.38,Realme,iOS,0,1,0,0,0,36.92
3385,10161,368648,127.54,2.97,11,99,6,33.01,Samsung,iOS,1,1,1,0,0,34.32
4276,9639,95634,118.65,3.26,6,97,7,16.88,Tecno,iOS,0,1,0,0,1,26.48
4037,7706,291512,194.52,1.34,20,15,8,17.37,Oppo,Android,0,0,0,1,0,35.98
5786,9696,62675,195.48,1.85,9,72,6,25.4,Oppo,Android,1,1,1,1,1,34.48
4792,13242,508305,154.79,1.55,14,37,8,32.43,Apple,Android,1,0,0,1,1,41.53
4715,8702,408387,164.31,1.64,25,55,7,37.02,OnePlus,iOS,1,0,1,1,0,41.99
3952,7266,264141,124.87,2.43,10,70,6,31.66,Apple,Android,0,1,1,1,0,30.29
1372,5802,475438,121.75,2.05,15,17,8,22.8,Motorola,Android,0,0,0,1,0,31.33
3026,1151,61984,244.61,2.8,26,24,4,39.37,Motorola,Android,0,1,0,1,0,36.47
4903,4789,129070,143.44,2.3,17,71,5,36.69,Apple,Android,1,1,0,0,1,31.45
1135,5548,12214,240.37,1.92,20,28,4,32.89,OnePlus,Android,1,1,0,1,0,35.56
4005,11853,192235,114.41,1.85,8,57,5,13.99,Huawei,Android,0,0,1,1,0,27.22
1867,4652,19783,215.26,2.57,12,14,5,20.32,Apple,Android,1,0,0,1,1,30.3
5493,13470,102147,246.35,2.57,13,23,8,25.94,Realme,Android,0,1,1,1,1,41.6
3145,7005,299120,105.04,3.29,21,93,4,27.8,OnePlus,Android,0,1,1,1,1,33.08
4804,2345,227435,142.49,3.34,16,106,4,18.26,Motorola,iOS,0,1,1,0,1,28.03
2789,12652,312637,168.03,2.67,32,66,6,32.6,Huawei,Android,1,1,0,0,0,44.2
2520,5261,83897,166.53,1.92,22,107,4,38.14,Tecno,Android,1,0,1,1,1,34.45
1735,4330,66503,154.99,2.27,31,12,7,16.14,Tecno,iOS,0,1,1,1,0,33.16
4909,7215,36581,120.72,2.61,21,25,8,29.08,OnePlus,Android,0,1,1,0,0,30.75
2126,15569,31027,144.15,2.72,22,47,8,13.66,Tecno,Android,1,0,1,1,0,36.95
3190,14031,268824,208.53,2.66,22,99,6,13.54,Xiaomi,iOS,1,0,0,1,1,42.66
4623,4464,447165,218.5,2.11,18,15,5,11.04,Vivo,Android,0,1,1,1,1,36.7
2780,1204,184353,100.8,3.02,15,32,7,29.11,Xiaomi,iOS,0,1,0,0,0,24.51
1928,12828,150149,106.85,3.14,11,69,5,17.78,Realme,iOS,0,1,1,0,0,28.12
2377,9627,434347,176.84,2.83,24,88,6,10.0,Apple,iOS,0,0,1,1,0,38.68
5286,12535,174566,178.73,1.77,14,106,7,10.4,Huawei,Android,0,1,1,1,1,35.83
4460,2940,37450,165.11,3.2,31,63,8,29.85,Apple,Android,1,1,1,1,1,38.15
1670,5302,302815,155.27,2.2,23,59,8,20.73,Oppo,Android,1,0,0,1,0,35.22
2593,8014,302405,214.89,3.02,32,31,5,31.32,Huawei,iOS,1,1,0,1,1,45.35
4662,14259,396561,205.64,1.63,20,100,7,29.58,Realme,Android,0,0,0,1,0,43.66
2898,2787,13997,116.37,1.35,28,28,4,21.89,OnePlus,iOS,1,1,1,0,1,28.0
2169,5576,8253,134.85,2.96,21,49,5,14.72,Vivo,Android,0,0,1,1,1,28.13
1125,3875,22970,187.29,1.25,22,29,5,32.72,Tecno,Android,1,1,1,1,1,33.36
2930,1802,309142,158.8,2.17,6,36,5,16.87,Oppo,iOS,1,1,1,1,0,26.48
4512,15692,180853,121.5,1.23,15,81,6,23.19,Motorola,Android,1,0,0,1,1,35.37
3567,6475,249286,200.09,3.24,24,43,5,36.15,Vivo,Android,1,0,0,1,1,40.44
4811,6024,344034,222.46,2.01,5,10,4,33.59,Motorola,Android,0,0,1,1,0,32.82
2566,5817,296903,169.14,2.28,30,21,5,10.35,Oppo,Android,1,1,1,1,0,37.11
4530,3714,250687,103.46,2.21,18,46,6,37.52,Motorola,Android,1,1,0,0,1,30.51
2608,13660,13917,227.88,3.48,19,8,5,35.19,Xiaomi,iOS,1,1,1,1,1,42.34
3927,7365,174100,142.99,2.7,16,62,8,38.96,Samsung,Android,0,0,0,0,0,32.3
1258,7168,248714,115.29,1.29,20,48,4,14.75,Motorola,iOS,0,1,1,0,1,28.14
3405,15089,218413,146.68,1.27,12,42,4,18.33,OnePlus,iOS,1,0,0,0,1,32.66
4744,1295,352443,189.79,2.33,21,35,4,14.67,Apple,iOS,0,1,1,1,0,32.54
5327,7608,510861,110.71,1.46,26,64,6,36.69,Vivo,iOS,1,0,0,1,1,39.64
2933,3501,190182,200.11,2.91,6,43,5,23.78,Tecno,iOS,1,0,0,0,1,28.43
2850,10526,386805,181.58,2.08,27,26,4,17.26,Tecno,Android,1,0,1,0,1,39.93
3489,15059,349054,172.63,2.42,21,33,5,20.61,Xiaomi,iOS,0,0,0,0,1,39.22
2812,15195,501109,169.04,2.41,10,14,5,25.56,Realme,Android,1,0,0,0,1,38.47
3818,11817,248793,179.18,1.8,31,57,6,26.32,Realme,Android,0,1,1,1,0,42.52
3524,6821,190752,214.05,1.56,7,34,4,22.64,Huawei,iOS,0,0,0,0,1,29.08
2100,13467,169574,208.17,1.61,19,53,6,11.52,Realme,iOS,1,0,1,1,1,38.98
4087,12140,323933,131.34,1.57,12,31,5,26.25,OnePlus,iOS,1,1,1,1,0,34.39
4272,7152,114169,230.04,1.67,20,71,7,20.04,Samsung,Android,0,0,1,1,0,36.44
5982,2593,406224,228.13,1.66,10,75,7,10.92,Apple,Android,1,1,0,0,1,33.79
3546,7375,188407,203.5,1.27,25,42,8,26.38,OnePlus,iOS,1,1,1,1,0,40.12
1422,15067,461138,233.52,3.16,16,74,5,17.51,OnePlus,iOS,0,1,1,1,1,44.41
5123,14083,262666,231.14,2.96,5,56,8,15.94,OnePlus,Android,0,1,1,0,1,38.05
3847,2507,364621,158.01,3.31,20,104,6,35.23,Tecno,Android,0,1,0,0,0,33.8
2312,10137,32717,159.4,2.58,5,53,5,26.45,Xiaomi,iOS,1,1,0,0,1,28.35
4463,13657,459879,148.79,2.69,20,25,6,26.18,Samsung,Android,1,0,0,1,0,41.1
3725,5848,86544,158.06,2.84,7,25,6,28.83,OnePlus,iOS,0,0,0,1,1,27.56
5640,11362,125820,180.84,2.24,28,70,8,16.08,Huawei,iOS,0,1,0,0,0,38.74
5333,5001,500116,151.15,3.12,26,103,7,32.32,Realme,iOS,0,1,1,0,1,40.12
4319,10278,34334,122.43,3.05,5,79,6,31.08,Motorola,Android,1,1,0,0,1,28.19
2189,1471,485917,220.44,1.73,31,26,7,12.27,Tecno,Android,0,1,1,1,0,39.81
3753,15546,376917,246.6,3.26,20,95,6,31.92,Vivo,iOS,0,0,1,0,1,47.06
4101,14270,255080,167.56,2.92,15,89,6,15.71,Realme,Android,1,0,0,1,0,37.52
3488,14319,156689,157.17,1.59,27,99,4,11.17,Xiaomi,iOS,0,0,0,0,1,35.99
3038,2842,111945,126.47,1.61,24,29,7,19.58,Realme,Android,1,0,0,0,1,28.77
2443,14856,30239,219.77,3.1,11,35,6,37.75,Apple,iOS,1,1,1,0,1,39.37
1344,5137,434748,219.06,1.73,6,67,8,16.36,Huawei,Android,1,1,0,0,0,32.97
3702,4270,98408,174.26,3.31,11,10,7,31.07,Oppo,Android,1,0,1,1,1,31.66
1280,15478,431889,104.65,1.25,14,108,8,26.18,Huawei,iOS,1,0,1,0,1,36.75
1428,14324,205479,181.97,1.73,20,18,4,15.31,Oppo,iOS,0,0,0,0,1,35.15
2721,8887,439071,206.59,2.28,16,14,4,20.11,Samsung,iOS,1,0,0,0,1,37.11
4359,9240,151926,239.78,1.71,8,87,7,16.88,Apple,iOS,1,0,0,1,1,35.73
3516,2204,97624,131.17,2.9,32,17,4,39.44,Huawei,iOS,0,1,1,0,1,32.9
5077,10732,329758,219.27,2.09,15,100,7,33.58,Samsung,Android,0,1,1,1,0,41.58
4235,15816,257621,220.15,2.83,9,57,6,19.06,Samsung,Android,0,1,1,0,1,38.93
1423,8325,421507,221.37,2.95,9,11,7,18.16,OnePlus,iOS,1,1,1,1,1,38.37
2224,7243,76261,247.32,3.18,30,34,7,35.65,Vivo,Android,1,1,0,1,0,44.19
1902,14153,236359,238.49,1.48,15,56,6,29.4,Samsung,Android,0,1,1,0,0,40.08
1846,2792,414628,207.26,3.05,7,47,8,38.6,Realme,iOS,0,1,1,1,1,35.51
1776,12793,246072,216.09,3.45,26,104,4,39.88,Oppo,iOS,0,0,0,1,1,44.7
4734,1323,44318,191.2,2.31,25,17,7,17.97,Motorola,Android,1,0,0,1,1,33.06
5905,5355,42681,147.96,3.49,30,107,5,30.55,Oppo,Android,1,0,0,0,1,35.54
3471,6560,319515,107.8,3.11,15,27,6,10.72,Vivo,Android,0,0,0,1,0,27.87
3647,10813,492871,121.74,2.89,32,29,5,31.32,Apple,iOS,1,0,1,0,1,42.45
2409,5486,466403,174.53,2.8,22,68,5,15.61,OnePlus,iOS,1,0,1,1,1,37.7
5801,6150,113148,174.63,2.45,29,84,8,17.41,Xiaomi,Android,0,1,0,1,1,37.78
1526,7543,269421,119.75,2.19,25,102,4,28.04,Oppo,iOS,0,1,1,0,1,33.2
1472,7960,265477,103.94,2.92,28,69,5,36.74,Vivo,iOS,1,1,0,0,0,35.41
5362,7325,337378,201.46,1.6,26,25,6,15.2,Motorola,Android,1,0,1,0,1,39.27
3634,3741,295792,207.55,3.38,20,82,8,34.94,Vivo,Android,1,1,0,0,0,38.67
2078,4709,237213,212.78,1.92,7,93,7,23.12,Motorola,iOS,1,1,0,1,0,32.3
4595,11438,448890,194.14,3.04,23,53,7,34.8,OnePlus,Android,0,0,1,0,1,44.04
2981,10368,416338,222.37,1.71,14,21,7,29.63,Vivo,Android,1,0,1,0,1,40.66
5351,7034,277895,233.96,1.98,12,54,8,19.12,Samsung,iOS,1,0,1,0,0,36.41
1237,3106,288589,168.16,2.66,14,70,7,37.58,Motorola,Android,1,0,1,0,1,32.92
2241,8752,221260,154.11,3.4,13,100,6,20.97,OnePlus,Android,0,1,0,0,0,31.01
2821,6351,110860,140.56,2.0,16,94,5,24.66,Tecno,iOS,1,0,0,1,0,29.54
5333,2780,350023,228.17,1.83,28,30,5,22.87,Huawei,iOS,0,0,0,1,1,39.26
4260,9627,368833,193.65,3.23,5,93,8,16.81,Huawei,Android,1,1,1,1,1,37.08
4240,5076,144931,175.1,1.99,31,17,5,14.56,Realme,Android,1,1,0,0,1,35.43
5199,12666,343354,244.86,1.81,17,25,4,19.55,Motorola,Android,0,0,1,0,0,39.64
1357,8953,381852,119.15,2.47,21,60,5,37.53,Realme,Android,0,1,0,0,0,34.33
2382,6280,410305,216.24,2.76,11,35,4,15.19,Xiaomi,iOS,1,1,1,1,0,35.16
2315,5057,10974,248.75,3.04,26,23,5,25.52,Realme,iOS,1,0,0,1,0,37.83
4435,4060,104525,106.41,2.88,26,36,8,24.92,OnePlus,Android,1,0,1,0,1,31.56
5966,9625,272813,223.62,2.93,6,46,7,36.42,Huawei,iOS,0,0,1,0,1,36.9
2510,8054,254575,104.71,2.46,5,85,7,34.61,Apple,Android,0,0,0,1,0,27.27
2490,13196,444202,165.67,1.43,8,41,8,34.86,Vivo,iOS,0,1,1,0,0,36.75
4680,4327,265141,116.42,1.4,26,15,4,28.49,Huawei,iOS,0,1,0,1,1,32.04
1620,3108,169700,239.93,2.81,26,78,4,15.37,Tecno,Android,0,1,0,0,1,35.28
5365,8297,205238,107.26,2.48,30,99,6,19.76,Tecno,iOS,0,1,1,0,1,34.98
2125,3654,350336,170.52,2.0,25,16,6,27.13,Xiaomi,iOS,0,0,1,1,1,35.85
4102,10464,390433,143.3,3.27,6,19,5,39.82,Xiaomi,Android,0,1,1,0,1,33.64
1969,2399,19868,208.96,2.89,28,61,6,37.09,Huawei,iOS,1,1,0,1,1,37.92
4867,15041,24163,213.5,2.23,9,78,8,35.69,Tecno,Android,1,1,1,1,1,40.54
4591,8833,466211,244.09,2.81,6,27,5,22.57,Motorola,iOS,1,1,1,1,1,39.84
4758,11165,465859,159.93,2.18,31,104,6,25.65,Apple,Android,0,1,1,1,0,44.24
3502,2523,66113,109.4,2.18,13,62,4,27.45,Tecno,Android,1,0,1,1,0,24.05
5984,11914,201565,173.71,3.17,24,76,8,10.76,Tecno,iOS,0,1,0,1,0,39.35
5765,5745,401261,110.98,2.77,8,103,5,31.56,Huawei,iOS,1,0,1,1,1,31.13
5945,4418,312368,135.39,1.37,10,32,4,38.56,Xiaomi,Android,0,0,1,1,0,28.67
2026,15293,26303,143.07,1.76,24,77,5,15.33,Huawei,iOS,1,0,1,1,0,35.72
2053,8621,371297,169.21,1.28,10,96,5,23.32,Apple,Android,1,0,0,0,1,32.34
2573,6480,330120,181.33,1.54,30,88,8,30.86,Realme,iOS,1,0,0,0,0,40.34
4195,11662,21682,114.0,2.54,21,101,5,21.63,Samsung,Android,1,0,1,0,1,32.07
1281,3894,192729,248.21,1.26,18,70,7,18.92,Xiaomi,iOS,1,0,1,1,0,35.89
1972,14664,185691,158.61,2.42,16,72,8,12.98,Oppo,iOS,0,0,0,1,0,35.26
2277,6983,294320,195.41,1.25,9,10,5,17.55,Realme,iOS,0,1,0,1,1,31.07
4029,8004,343582,204.04,1.89,13,98,6,15.36,Oppo,Android,0,0,1,1,0,34.82
1699,5136,406180,217.2,3.4,32,81,8,17.09,Xiaomi,iOS,1,1,1,0,1,44.21
5811,14240,16276,181.24,2.38,7,104,5,12.16,Realme,Android,0,1,1,1,1,32.32
4448,3318,195897,119.45,2.61,24,72,5,27.27,Motorola,Android,1,0,1,0,0,30.45
1773,5787,174027,243.38,3.14,12,74,7,30.77,Tecno,iOS,1,1,1,0,1,37.17
3653,4960,236155,134.32,2.81,23,35,6,39.62,Tecno,Android,0,1,1,1,1,35.43
3879,4174,132092,191.63,1.4,16,85,7,27.37,Xiaomi,iOS,1,0,0,0,1,32.19
5734,8707,127429,200.39,3.02,17,29,4,28.49,Apple,iOS,1,1,0,1,1,37.32
3072,2409,155528,121.59,2.95,21,44,5,31.21,OnePlus,Android,1,1,0,1,1,30.8
2618,11360,235139,133.78,2.78,18,70,8,36.61,Samsung,Android,1,0,0,1,1,38.22
3562,5967,474734,211.91,2.07,28,58,6,19.84,Apple,iOS,1,1,0,0,1,42.3
1353,6528,253174,106.31,2.04,9,74,6,37.49,Apple,Android,1,0,0,1,0,28.34
2916,4504,168168,219.76,2.45,31,35,4,26.71,Motorola,Android,0,0,0,1,1,38.49
4826,9648,142609,208.85,3.2,26,71,5,38.35,Realme,Android,0,1,1,1,1,42.78
4653,2033,22080,221.72,1.84,8,8,4,26.23,Samsung,Android,1,1,1,0,1,27.88
2622,11385,382688,149.83,2.72,8,41,4,19.3,Tecno,Android,0,1,0,1,0,31.84
3521,6872,28051,239.06,2.46,12,31,8,28.83,Tecno,iOS,0,1,1,0,0,33.89
5006,11996,330774,104.54,2.0,21,43,4,16.76,Motorola,iOS,0,1,0,0,1,32.91
1200,1746,273065,112.05,1.74,13,79,7,12.47,Xiaomi,iOS,1,1,0,0,1,24.91
4056,1047,180823,222.86,1.92,16,52,8,29.76,Oppo,iOS,0,1,1,0,0,32.74
2734,4146,333321,217.79,1.51,10,58,5,14.26,Huawei,Android,0,1,1,1,1,32.06
1333,2770,321387,221.21,2.51,27,89,7,21.65,Motorola,Android,0,0,1,0,1,37.91
1958,15823,402585,165.46,2.83,16,37,8,23.38,Xiaomi,iOS,1,1,0,0,1,41.57
2332,5618,62791,193.9,3.48,27,34,8,39.24,Samsung,Android,1,0,0,0,1,38.8
5393,10025,119407,168.3,1.33,16,92,5,32.15,Motorola,Android,0,0,1,0,0,32.57
5872,12232,432079,112.14,3.45,25,8,8,38.64,Vivo,Android,1,0,0,1,1,43.38
3057,3908,142865,110.33,1.41,29,98,6,29.42,Tecno,Android,1,1,0,1,1,33.42
5269,4166,169317,160.74,1.87,10,48,8,37.72,Oppo,iOS,0,0,1,0,1,29.9
3701,10311,120600,175.15,3.48,29,48,5,31.76,Realme,iOS,0,1,1,1,0,40.22
2575,4685,454786,204.23,1.27,13,67,6,39.4,Vivo,iOS,0,1,0,0,0,35.19
2500,14456,404518,233.99,1.43,14,62,8,25.29,Huawei,Android,1,0,1,0,0,42.87
1481,6373,214659,125.98,1.95,16,107,4,24.43,Xiaomi,Android,0,0,1,0,1,27.82
3280,13609,446122,108.74,1.46,13,12,8,14.15,Tecno,iOS,0,0,0,1,1,33.92
4275,12716,284129,229.73,2.23,17,103,7,26.41,Oppo,Android,0,0,1,0,0,40.81
4202,6865,469375,177.86,2.95,27,50,6,21.98,Tecno,iOS,1,0,1,1,0,41.5
4637,11513,352116,111.44,2.53,29,14,5,12.85,Motorola,iOS,1,1,1,1,0,38.28
5662,6598,375186,193.63,1.81,9,105,4,23.54,Motorola,Android,1,1,0,0,0,32.94
4222,10298,469923,222.47,1.61,16,102,6,26.72,Apple,iOS,1,1,1,0,0,41.76
4793,4864,38587,109.71,2.51,31,51,8,12.66,OnePlus,iOS,0,1,0,1,0,31.25
3512,1639,377962,245.14,3.37,8,60,8,36.53,Motorola,Android,0,1,0,1,0,36.35
1057,9804,471959,223.72,1.92,26,67,8,25.47,Tecno,iOS,1,1,1,1,0,46.39
1967,6815,406606,153.77,1.9,23,62,5,23.78,Huawei,Android,0,0,0,0,0,33.71
2887,12343,175033,176.91,1.69,12,20,5,35.86,Apple,iOS,0,1,0,0,1,34.29
2332,15977,403753,187.66,3.11,25,104,6,21.02,Vivo,Android,1,0,1,1,0,45.9
4894,3073,65356,211.44,1.89,18,50,7,11.3,Vivo,iOS,0,0,1,0,0,29.48
5829,6298,327658,147.64,2.43,23,9,8,19.1,Motorola,iOS,1,0,1,1,1,37.37
3439,7988,40342,109.4,2.13,11,24,4,15.89,Vivo,iOS,1,1,0,1,0,24.87
5630,1686,279269,121.84,2.29,19,29,5,11.37,Xiaomi,Android,0,0,1,0,1,26.26
4887,3016,180213,134.61,3.17,24,93,6,21.44,OnePlus,iOS,1,0,0,0,1,31.69
5687,8197,110223,109.76,1.27,21,92,4,26.21,Apple,Android,1,1,1,1,0,31.49
1575,5826,419368,178.77,1.44,15,26,7,24.38,Samsung,Android,0,1,1,0,1,34.02
3514,6998,375882,247.01,2.94,27,68,5,20.17,Apple,iOS,1,0,0,1,1,44.2
3396,3567,332008,215.99,1.66,9,96,7,29.25,Oppo,Android,1,1,1,1,1,35.66
3492,8782,257962,108.19,3.34,26,97,4,25.1,Tecno,iOS,0,1,1,0,0,33.53
2853,11691,243761,207.03,3.33,12,45,4,18.91,Huawei,iOS,1,1,1,0,1,36.7
3808,11845,260654,144.84,2.57,7,77,5,30.95,Oppo,iOS,0,0,1,0,0,30.83
2443,12368,403421,120.83,1.7,6,68,5,18.64,Realme,Android,1,0,0,1,1,31.44
4111,7124,144835,183.48,3.22,31,67,8,21.69,Huawei,iOS,0,0,1,0,1,39.03
4374,1092,236069,121.29,3.22,19,43,5,13.25,Motorola,iOS,0,0,0,0,0,24.84
4851,9809,461427,160.86,1.38,20,76,4,19.47,Motorola,iOS,0,0,0,1,1,36.9
1822,10982,394570,208.59,2.48,31,100,6,39.03,Oppo,iOS,0,1,1,1,1,47.97
3154,4035,341660,154.58,2.66,17,100,8,23.51,Realme,Android,0,1,0,1,1,34.05
3823,11071,345382,158.87,2.98,25,28,4,37.58,Apple,Android,1,1,1,0,1,41.5
5298,10227,82924,145.18,2.34,26,96,5,10.96,Realme,Android,1,0,0,1,0,34.57
2551,2443,357133,136.52,2.73,8,53,4,22.42,Motorola,Android,1,0,0,0,0,25.2
4451,3230,113815,210.2,2.16,11,105,6,23.9,Realme,Android,0,0,0,0,1,29.34
1319,10073,438826,164.09,2.31,25,34,7,36.94,Samsung,iOS,1,1,0,1,1,43.57
3332,12097,287460,159.82,3.41,20,42,7,16.06,Samsung,Android,0,0,0,1,0,37.08
1515,9969,394668,207.63,1.26,28,70,7,37.77,Tecno,Android,1,1,0,1,1,46.41
1732,13700,168726,148.56,2.74,22,11,5,10.39,Samsung,iOS,1,0,0,0,0,34.05
2581,11516,198011,117.57,3.23,30,16,6,31.27,Xiaomi,iOS,0,0,1,0,0,36.79
1263,9882,262937,137.99,3.19,10,20,8,13.97,Apple,Android,0,1,0,0,1,30.14
4536,4655,426777,132.28,3.31,17,53,6,30.72,Samsung,iOS,0,0,1,0,0,32.29
1590,6850,378230,196.22,1.37,10,45,5,24.62,OnePlus,iOS,0,0,1,1,0,32.41
2235,7296,229167,117.16,3.43,31,13,8,23.73,Oppo,Android,1,1,1,1,0,38.04
4734,7820,458947,184.56,3.33,31,84,7,27.63,Motorola,Android,1,0,0,1,1,45.87
4595,2829,361033,213.85,2.45,30,86,8,30.36,Realme,Android,0,0,1,0,1,41.31
1745,2957,500825,150.58,2.66,8,101,4,25.09,Huawei,Android,1,1,1,1,0,30.61
2826,2797,220746,142.18,3.19,28,70,6,28.52,Vivo,iOS,0,0,0,1,1,34.17
2498,2716,31791,192.41,1.68,18,70,5,11.7,Realme,Android,1,0,0,1,1,28.99
4837,15826,100376,152.96,3.02,21,84,7,17.02,OnePlus,iOS,0,0,1,1,0,37.88
4886,9009,13825,200.2,2.54,5,90,5,11.84,Vivo,iOS,1,1,1,0,0,28.6
3943,6752,361754,192.68,2.38,25,19,4,30.85,Xiaomi,iOS,1,0,1,1,0,39.82
5627,12020,389610,238.91,2.67,8,45,5,20.66,Samsung,Android,0,1,0,1,1,39.73
3091,14375,162519,190.3,3.03,29,40,5,23.32,Samsung,iOS,1,1,1,1,0,43.79
3802,9469,48056,182.71,1.74,10,18,6,17.7,Samsung,Android,1,1,0,0,0,29.69
3041,13086,161215,180.17,3.28,17,31,7,17.62,Vivo,Android,0,0,1,0,1,36.15
1008,3396,167536,211.49,2.53,25,76,6,18.24,Apple,iOS,0,1,1,1,1,35.9
5712,2460,249634,148.98,3.37,15,34,5,23.91,Tecno,Android,1,0,0,1,0,30.08
1636,13209,329326,167.4,2.59,11,93,6,28.19,Xiaomi,iOS,0,0,0,1,0,35.85
1101,1428,281023,179.71,2.49,13,33,7,18.37,Realme,iOS,1,0,1,1,0,29.97
5259,5692,56264,164.03,1.44,13,54,4,22.18,Samsung,Android,0,1,1,0,1,27.32
2334,3300,452118,130.15,1.58,27,24,5,19.36,Xiaomi,Android,0,1,1,0,0,32.27
1538,6185,445042,138.26,2.83,13,32,8,16.64,OnePlus,iOS,0,1,0,1,0,31.92
1766,12558,390505,233.64,2.46,8,18,6,12.04,Tecno,iOS,1,1,0,1,1,39.17
3421,15481,503112,225.51,2.59,9,56,7,21.71,Huawei,Android,1,0,0,1,0,43.17
4078,11475,504433,186.51,3.26,11,35,8,10.56,Vivo,Android,1,1,1,0,1,39.22
3012,10897,473559,246.68,1.76,20,19,7,16.88,Tecno,iOS,0,0,1,1,1,43.78
4284,6135,55261,222.82,3.2,17,27,6,39.22,OnePlus,iOS,0,1,0,0,1,35.85
4207,14726,19423,239.91,1.55,7,60,5,15.01,Vivo,iOS,1,0,1,0,0,34.04
4432,13334,352003,165.48,1.25,16,38,7,38.99,Realme,Android,0,1,1,0,0,38.95
2598,14170,223475,149.32,3.15,13,13,7,29.23,Apple,iOS,1,1,0,0,1,36.8
5577,2073,471019,238.24,2.16,25,42,7,18.97,Tecno,Android,0,0,1,0,1,39.8
2624,14299,459677,120.73,3.18,10,85,7,29.23,Oppo,iOS,1,1,0,1,1,38.57
5235,9360,129265,208.7,3.05,27,9,5,28.85,Motorola,Android,1,1,1,0,0,40.57
3269,6723,501457,189.31,1.49,19,83,4,17.62,Huawei,Android,1,1,1,0,1,37.34
1208,10238,108406,113.77,1.23,23,20,5,28.03,OnePlus,iOS,0,1,1,1,0,31.62
5121,7051,200762,161.69,2.98,19,90,7,11.33,OnePlus,iOS,1,0,1,0,1,33.74
4855,9307,370163,128.66,3.36,18,46,6,10.67,Tecno,Android,1,1,0,0,0,33.65
3670,6720,157304,197.77,3.17,8,43,7,34.69,Apple,Android,0,0,1,0,0,31.59
4098,14436,235197,191.77,3.29,12,80,4,25.94,Realme,iOS,0,0,1,0,1,36.86
1238,1700,402893,172.01,2.86,15,49,8,16.39,Apple,iOS,0,0,0,1,0,30.89
2648,14717,48916,135.24,2.86,24,30,5,36.01,Apple,Android,0,1,0,0,1,36.74
4044,5176,65682,155.4,1.99,7,87,5,23.49,Vivo,iOS,1,1,1,0,1,26.52
4849,6026,227062,202.67,1.58,27,51,4,30.77,Tecno,iOS,0,0,1,1,1,38.53
4495,14129,218693,150.6,2.09,16,84,5,30.53,Motorola,iOS,0,0,0,0,1,35.52
1834,6601,270495,129.65,2.87,27,69,5,19.99,Oppo,iOS,0,1,1,1,1,34.96
1412,12326,259088,233.25,1.58,10,55,8,12.45,Tecno,Android,1,0,1,1,0,37.81
1829,1550,121461,245.06,2.74,19,85,5,34.85,Huawei,Android,0,1,0,0,0,33.7
4766,11889,33420,138.42,2.15,14,22,5,21.27,Xiaomi,iOS,0,1,0,1,1,30.92
1872,3648,420743,128.26,2.25,24,22,4,11.72,Huawei,iOS,1,1,0,1,0,31.83
4271,11848,277437,230.91,1.65,19,81,5,25.17,OnePlus,Android,0,1,1,0,1,40.73
1059,10413,116646,224.72,1.34,6,26,7,38.01,Tecno,Android,0,0,1,1,0,33.99
5174,12603,127480,244.99,1.31,23,82,4,12.14,Apple,iOS,1,0,1,0,0,39.53
1337,12481,97972,203.76,1.56,30,13,5,11.03,OnePlus,iOS,1,1,1,1,1,40.83
5932,10689,389202,182.09,2.28,19,81,5,17.22,OnePlus,iOS,1,1,1,1,1,40.67
5680,5038,58152,227.16,3.34,23,81,6,34.83,Tecno,Android,0,1,0,0,0,37.14
2268,14851,243076,227.78,1.31,11,20,6,32.75,Huawei,iOS,1,1,1,0,1,40.6
1066,13110,288691,241.56,2.79,25,82,6,15.16,Huawei,iOS,0,0,1,1,0,43.5
2675,6271,381622,231.95,2.19,18,72,4,36.84,Samsung,iOS,1,0,1,1,0,40.23
1879,7754,287854,115.58,2.13,9,80,5,39.59,Motorola,iOS,0,1,1,0,1,29.32
3291,6195,305455,231.73,2.96,23,97,6,28.81,Huawei,iOS,1,1,1,1,0,42.41
3563,1237,468299,233.16,2.39,5,79,7,32.67,OnePlus,Android,1,0,0,0,0,33.4
4602,11590,398627,249.56,1.78,15,54,7,32.34,Xiaomi,Android,0,0,1,0,0,42.21
1556,8086,498368,108.51,2.23,26,108,7,36.78,Tecno,Android,0,0,0,0,1,37.55
3435,15054,279375,223.33,2.33,10,38,5,23.95,Oppo,iOS,0,1,1,0,0,38.07
4718,11315,229037,178.29,2.08,20,81,7,25.66,Huawei,Android,0,1,0,0,1,38.06
2644,1284,181361,246.17,1.42,11,49,6,34.64,Vivo,Android,1,1,0,0,0,32.29
1333,6018,50211,220.45,2.28,16,51,4,15.01,Samsung,Android,0,1,0,1,0,30.72
1124,11196,223493,160.16,3.38,32,33,8,13.65,OnePlus,iOS,0,1,0,0,0,39.1
5757,15200,434185,181.86,1.99,15,36,8,36.44,Vivo,iOS,0,1,0,1,0,43.45
2037,11586,16474,217.59,2.58,32,101,5,12.25,Tecno,Android,0,0,1,1,1,40.52
4393,2978,412025,201.76,2.8,31,90,7,12.89,OnePlus,Android,1,1,0,1,0,41.18
1030,7537,245012,137.46,1.29,31,72,5,39.59,Xiaomi,iOS,1,1,0,1,1,39.2
4355,2999,391024,243.04,1.32,13,17,6,13.85,Samsung,Android,1,0,0,1,1,35.35
3321,8090,42748,146.79,1.45,28,21,6,37.66,Vivo,iOS,0,0,0,1,0,34.65
2113,13997,188514,151.53,2.93,11,51,5,38.37,OnePlus,Android,1,0,1,1,1,36.77
5660,11639,337474,223.38,3.26,9,15,6,16.73,Huawei,Android,0,0,0,1,1,37.89
2553,8358,176249,217.58,2.78,28,87,7,26.94,Samsung,Android,1,1,0,0,1,42.18
2025,7194,475904,117.14,2.13,27,56,4,25.24,Motorola,Android,1,0,0,1,0,36.22
3714,10341,50984,157.87,2.06,21,85,8,16.01,Xiaomi,Android,0,0,0,0,1,32.96
2995,9171,21619,130.31,1.3,6,102,7,23.87,Realme,iOS,0,1,1,0,0,25.04
4391,7148,280789,204.39,2.56,27,71,8,26.31,Xiaomi,iOS,0,0,0,0,0,39.66
5006,2743,441094,247.76,2.12,7,97,7,30.61,Samsung,Android,0,0,1,1,0,35.97
5081,7860,70311,224.62,2.33,21,39,4,39.73,OnePlus,Android,0,1,0,1,1,38.65
3915,10270,492836,231.04,2.51,19,55,7,27.58,Huawei,iOS,0,0,1,1,1,44.5
5418,10480,24905,209.76,2.6,16,56,4,26.39,Apple,iOS,1,1,0,0,1,35.73
3366,1321,46091,214.69,2.09,25,22,4,17.77,Vivo,Android,0,1,1,0,1,31.15
3064,9893,297087,241.32,3.1,15,73,6,40.0,Xiaomi,iOS,0,0,1,0,0,40.46
3193,9380,418128,126.73,2.39,19,48,6,26.12,Samsung,iOS,0,0,1,1,0,35.15
5163,15415,60555,108.9,3.5,24,86,4,15.7,Tecno,iOS,1,1,0,0,0,34.61
3586,10613,460527,198.24,2.24,24,95,4,38.42,Samsung,Android,1,0,0,0,1,43.65
3221,9967,49103,129.39,1.61,23,13,8,10.95,Samsung,Android,0,0,0,0,1,30.31
5770,15252,77256,218.15,2.75,32,52,6,25.97,Realme,Android,0,1,1,0,0,44.99
3907,3085,162619,125.16,3.01,26,97,7,15.35,Realme,Android,1,1,1,1,1,33.28
4894,3782,174319,187.86,3.33,18,32,8,39.45,Vivo,iOS,0,1,0,1,0,35.85
5764,7698,28391,163.68,1.87,27,60,8,29.36,Oppo,Android,1,0,1,0,0,36.29
2105,6403,373895,190.91,1.93,8,49,8,28.77,Apple,Android,0,1,0,1,1,34.44
2217,5644,274376,144.23,2.8,13,22,7,14.63,Xiaomi,iOS,1,1,1,0,1,30.35
5902,1216,244137,225.99,2.55,10,48,6,39.01,Samsung,iOS,0,0,0,1,0,32.81
4944,12464,221755,130.37,3.16,12,96,6,11.02,Huawei,Android,1,1,1,0,1,33.03
2286,5422,81584,143.72,2.66,17,28,5,26.88,Vivo,iOS,1,0,1,1,1,30.39
4075,13194,383108,238.17,2.36,20,25,7,14.26,Huawei,Android,0,1,1,1,1,44.5
1892,6888,354742,236.27,2.26,14,83,4,16.57,Xiaomi,Android,0,1,0,1,0,35.62
1771,10726,208069,225.73,1.2,13,50,5,20.0,Xiaomi,iOS,0,0,0,0,0,33.4
2423,13602,153201,169.24,1.26,27,55,4,21.79,Xiaomi,iOS,1,0,1,0,1,38.35
3799,12622,462307,171.43,3.39,12,98,4,36.1,Oppo,Android,0,0,1,0,1,38.59
2297,9728,204919,213.01,1.95,28,81,8,11.36,Motorola,iOS,1,1,1,0,1,41.45
1307,1428,292193,241.54,1.75,7,31,5,21.07,Xiaomi,iOS,1,0,1,0,0,29.41
4053,2008,61625,151.88,1.83,25,93,6,34.98,Samsung,Android,0,1,0,1,1,32.29
2871,6301,39418,223.79,3.24,32,60,4,34.77,Motorola,iOS,1,1,1,0,1,41.16
1836,10225,197728,226.82,2.24,20,19,4,31.61,Xiaomi,Android,1,0,1,0,0,38.49
1759,2727,142670,202.65,2.52,31,100,6,28.23,Motorola,iOS,1,0,1,1,0,38.23
5869,3296,438099,211.61,3.34,13,85,7,37.29,Motorola,iOS,0,0,0,1,0,37.57
4963,15042,338088,150.88,3.06,8,82,6,16.56,Tecno,iOS,0,1,0,1,0,35.2
2511,5575,320451,205.71,1.74,7,50,4,26.71,Vivo,iOS,0,1,1,0,1,30.81
2663,15882,172949,108.97,2.35,27,108,7,34.6,Samsung,Android,1,1,0,0,0,39.87
3737,4936,228265,242.22,3.0,13,52,5,19.91,Samsung,iOS,0,0,1,1,1,34.99
2901,15295,277637,203.19,2.35,30,63,8,29.71,OnePlus,iOS,1,1,1,1,1,49.47
1499,3713,233985,136.21,2.8,8,58,5,16.77,OnePlus,Android,0,1,1,0,1,24.57
4808,10236,144853,193.62,1.37,18,26,6,35.33,Apple,iOS,1,0,0,0,1,37.15
1314,7290,94930,229.46,2.99,8,69,5,26.23,Xiaomi,Android,1,1,0,1,1,33.95
5689,8968,113436,188.01,2.73,32,103,6,25.78,Oppo,iOS,1,0,0,1,0,41.54
2838,11958,355240,173.57,2.17,19,102,7,36.81,Samsung,Android,1,0,1,0,0,40.62
5174,8731,482166,144.03,2.15,19,31,4,12.48,Realme,iOS,1,0,0,0,1,34.56
3507,4234,510272,151.41,2.34,31,14,8,37.1,OnePlus,iOS,0,0,1,0,1,40.61
1730,7076,95888,124.03,2.76,19,90,6,33.3,Tecno,Android,0,0,0,0,0,29.16
3071,5743,495441,109.33,2.96,29,77,5,30.82,Samsung,Android,0,0,0,1,0,36.66
1319,15044,47930,115.07,3.48,26,8,4,37.07,Oppo,Android,0,1,0,1,1,37.21
5034,9967,152760,225.23,2.69,24,80,6,36.52,Huawei,Android,0,0,1,0,1,41.61
5634,6236,90518,223.85,1.24,21,21,4,17.9,Vivo,Android,1,1,1,0,1,34.99
4214,2004,141356,219.29,3.14,28,25,5,14.96,Oppo,iOS,1,0,1,1,0,36.14
3690,5524,357939,194.88,1.27,20,64,4,39.42,Huawei,iOS,1,1,1,0,0,37.35
5504,14818,33076,137.62,1.66,20,86,7,22.93,Vivo,iOS,1,1,1,1,1,37.77
2059,3798,483474,217.57,1.5,25,59,5,31.12,Oppo,iOS,0,0,1,1,0,39.58
5242,13001,144830,178.14,3.0,31,105,4,39.59,Motorola,Android,0,0,0,1,1,43.67
5023,13480,420993,219.85,1.85,10,19,7,30.58,Huawei,Android,1,1,1,0,1,42.27
1145,10857,81771,247.74,3.05,10,63,8,21.09,Apple,Android,1,0,0,1,0,37.22
4445,14484,355986,236.38,1.37,18,23,8,32.36,Tecno,Android,0,0,0,0,1,44.09
2201,7993,509255,218.05,1.96,27,74,5,15.84,Huawei,Android,0,1,0,0,1,41.48
3928,9457,455852,224.51,1.86,21,36,5,18.17,Apple,Android,1,1,0,0,1,41.55
5423,1320,222321,238.86,1.51,32,83,7,33.4,Tecno,iOS,0,1,1,1,0,41.55
4578,8525,111004,153.27,3.46,29,61,7,13.57,Xiaomi,iOS,1,1,1,0,1,37.49
4088,14511,25797,163.64,1.33,6,96,4,13.29,Tecno,Android,0,0,1,0,0,27.23
5758,3298,220737,127.31,2.24,14,94,4,20.38,Xiaomi,Android,0,0,1,1,1,27.24
4569,3344,382971,121.73,1.88,26,22,4,30.12,Xiaomi,iOS,0,0,1,1,1,33.44
3547,6021,95559,171.48,3.41,7,24,6,13.28,OnePlus,Android,0,1,0,1,0,26.88
4180,4459,79577,197.73,3.12,8,94,7,33.03,Xiaomi,Android,0,1,0,1,1,31.66
1983,13388,265594,180.69,1.45,28,53,7,32.24,Realme,iOS,0,1,1,0,0,41.99
5318,15217,123582,248.58,1.59,11,72,4,33.7,Huawei,Android,0,1,0,0,0,38.71
3966,13710,465954,183.79,1.31,9,43,5,14.21,Xiaomi,Android,1,0,1,0,1,36.46
4019,6781,12640,109.71,2.07,6,22,5,33.49,Apple,iOS,1,0,1,1,1,25.2
3302,4256,169584,230.15,2.55,15,11,6,31.76,Tecno,Android,0,0,1,1,0,34.44
3336,6428,132794,186.94,2.74,30,44,6,13.75,Motorola,iOS,0,0,0,1,1,36.63
3706,14056,466542,207.63,3.39,19,69,7,26.82,Xiaomi,Android,1,0,1,0,1,45.53
2124,7010,372172,241.15,3.23,26,16,7,33.03,OnePlus,Android,1,0,1,0,0,43.93
4655,13495,236965,165.54,2.1,24,61,4,25.37,Tecno,Android,0,0,0,0,0,37.22
5424,11392,181296,118.38,3.11,11,88,8,27.15,Apple,Android,1,1,0,1,1,34.59
3608,11058,470471,220.47,2.57,30,94,7,37.15,Xiaomi,iOS,1,0,1,0,0,48.66
2248,7258,260698,162.33,1.67,22,36,7,35.83,Xiaomi,iOS,0,1,0,1,1,37.08
5138,11553,493494,122.69,1.43,18,80,7,37.49,Apple,Android,1,1,1,0,1,40.01
5582,14748,167451,123.13,2.61,31,80,4,31.61,Oppo,Android,1,1,1,0,0,40.67
2121,2753,360908,190.6,3.3,23,33,6,22.41,Realme,Android,1,0,0,0,1,35.87
3801,3187,315463,135.85,2.97,8,71,8,18.28,Realme,Android,0,0,1,1,0,27.44
5135,3907,129344,228.65,2.43,32,84,6,14.87,Xiaomi,iOS,1,1,1,0,1,39.88
1181,7626,251249,242.41,3.25,30,39,7,38.25,Realme,Android,0,1,0,0,1,44.67
2641,5888,22663,170.37,3.06,18,98,7,35.61,Xiaomi,Android,1,1,1,0,0,33.36
2758,7148,253794,213.56,1.48,16,31,7,35.26,Oppo,Android,1,1,1,0,1,38.11
1596,4560,141813,185.65,1.74,20,31,8,37.4,Vivo,Android,1,0,1,1,0,35.48
2341,4837,301001,116.23,2.71,6,83,4,30.13,Apple,Android,0,1,1,0,1,25.55
1859,6738,384204,237.81,2.22,23,95,8,26.04,Apple,iOS,1,0,0,0,1,42.44
5315,13218,120659,202.02,3.04,16,73,8,39.89,Vivo,iOS,0,1,1,0,0,40.39
2332,4786,511361,120.45,2.1,27,40,4,29.07,Apple,iOS,0,0,1,0,1,34.5
3657,8363,416592,220.37,3.48,28,50,6,11.72,Tecno,iOS,0,1,1,1,1,43.75
5469,9562,107595,211.0,3.01,16,101,5,24.39,Huawei,Android,0,1,0,1,1,37.02
2840,9214,434946,172.51,2.52,20,80,5,35.73,Samsung,iOS,0,1,0,1,0,39.46
5342,15141,388139,204.79,2.56,29,22,4,29.09,Realme,iOS,1,1,0,0,0,46.63
5849,7749,411362,116.15,2.75,29,45,4,26.62,Xiaomi,iOS,1,1,0,1,0,38.43
2281,9521,112335,226.66,2.98,13,56,4,22.33,Realme,iOS,0,0,0,1,1,34.53
2469,9723,166130,126.02,2.52,9,82,5,11.16,Samsung,iOS,0,0,1,0,1,26.05
2855,12177,218083,143.28,1.94,30,21,5,10.86,Apple,iOS,1,0,0,0,0,36.2
1542,6489,476474,136.25,2.26,24,63,8,15.41,Motorola,iOS,1,0,0,0,0,35.42
5046,12142,302742,161.93,2.78,19,69,5,35.51,Oppo,iOS,1,1,1,1,0,40.79
3804,14314,326631,210.23,1.58,15,86,8,16.27,Samsung,iOS,0,0,1,0,0,39.05
4239,6764,329587,244.65,2.36,22,40,8,20.68,Vivo,Android,1,0,0,0,0,40.81
3526,12083,328651,184.79,2.28,14,96,8,35.76,Oppo,iOS,0,1,0,0,0,38.84
1918,3477,331821,152.93,3.03,12,79,4,23.8,Huawei,iOS,1,0,0,0,1,29.01
1679,7036,422101,202.05,3.14,29,83,6,20.2,Xiaomi,iOS,1,0,1,0,1,42.22
1195,7121,133310,180.25,2.3,22,96,8,35.79,Xiaomi,iOS,0,0,1,0,1,36.07
4038,2028,126193,181.56,2.82,20,85,7,32.84,Samsung,Android,1,1,1,0,0,33.46
4507,5568,476689,216.46,2.75,32,103,5,18.22,Motorola,iOS,1,0,0,1,1,44.62
4070,2196,147350,128.57,1.88,32,10,5,11.23,Apple,iOS,0,0,1,0,0,28.59
1779,3808,145888,197.11,2.0,5,33,5,32.13,Realme,Android,0,0,1,0,1,26.82
1700,5766,479255,131.58,1.4,24,70,4,28.22,Motorola,Android,1,1,1,1,0,36.08
5364,3112,185005,103.19,1.44,19,92,6,33.41,OnePlus,Android,0,1,1,0,0,27.67
2709,8348,331844,122.58,2.83,13,106,5,24.98,Huawei,Android,1,0,0,0,1,31.33
4340,4735,35618,152.88,2.68,32,34,7,31.72,Oppo,Android,0,0,1,1,1,36.26
4974,15665,320422,224.23,1.69,5,48,4,18.5,Motorola,Android,1,1,0,0,0,36.94
4622,14546,449916,116.07,3.1,17,52,6,33.05,Realme,Android,1,0,1,1,0,40.1
5999,15628,13365,157.47,1.58,8,28,5,39.44,OnePlus,iOS,1,0,0,0,1,33.47
2744,15874,366870,242.44,2.43,25,27,6,37.03,Motorola,Android,0,0,0,1,0,48.27
3054,6093,364141,206.44,1.85,28,53,4,28.58,Huawei,Android,1,0,1,0,0,39.56
4450,12522,463772,122.99,1.49,8,91,5,37.56,Samsung,Android,0,0,0,1,1,34.67
4330,9054,211206,241.2,3.46,11,83,5,36.76,Tecno,iOS,0,1,0,0,1,38.14
5457,13666,377834,229.76,1.26,11,71,6,22.01,Huawei,iOS,0,1,1,1,0,40.65
4893,6801,305497,100.89,2.97,7,27,5,20.2,Apple,Android,0,1,1,1,0,26.42
1457,4716,335216,187.17,2.46,13,18,7,38.77,Vivo,Android,1,0,1,1,0,35.47
5852,14759,16961,230.2,1.36,6,67,4,25.68,Apple,iOS,0,1,1,1,0,34.81
4055,14276,340025,235.8,1.41,26,44,5,10.55,Motorola,iOS,1,0,0,0,1,43.83
4393,5234,42411,201.02,2.61,27,9,4,39.04,OnePlus,iOS,0,0,1,1,0,36.27
2994,6073,62535,145.86,1.22,16,8,4,11.51,Xiaomi,iOS,0,1,0,0,1,25.03
2692,13978,294866,247.02,3.22,9,43,5,38.93,Vivo,Android,1,1,1,0,0,42.05
2426,5824,500222,142.01,1.66,31,67,5,37.9,Oppo,iOS,0,1,0,1,0,39.91
3302,5693,258912,190.85,3.08,5,85,4,31.2,Realme,Android,0,0,1,0,0,28.95
3201,12223,179160,212.0,1.94,8,65,5,36.89,Vivo,Android,0,0,0,1,1,36.15
3830,12058,363020,141.63,2.74,17,25,6,35.78,Vivo,iOS,0,0,0,1,0,37.29
4156,14054,45766,129.98,2.73,28,28,6,38.48,Huawei,iOS,1,0,1,1,0,39.92
2511,12611,191767,191.97,2.97,21,93,8,38.92,Huawei,iOS,0,1,0,0,1,41.72
3352,4712,509265,171.79,1.34,5,95,5,23.93,Xiaomi,iOS,1,0,1,0,1,30.78
3259,1905,167604,112.27,1.3,10,83,8,21.12,Samsung,iOS,0,1,0,0,1,23.25
3746,4712,370431,142.49,2.33,28,89,5,38.92,Vivo,Android,0,1,1,1,0,37.97
4957,14872,31549,137.68,1.95,13,88,4,21.03,Huawei,Android,1,0,0,1,0,31.97
5908,6066,37210,210.24,1.7,8,91,8,32.79,Motorola,iOS,0,1,0,0,0,30.94
5647,14261,450963,182.71,2.82,27,24,8,32.34,Oppo,Android,1,0,0,0,0,46.76
1367,4505,151279,161.33,1.4,6,27,7,20.63,Xiaomi,Android,0,0,1,1,1,25.8
5795,11396,59578,243.7,2.71,6,100,7,10.86,Xiaomi,iOS,0,0,1,0,0,32.97
2044,13404,284032,164.81,2.38,13,24,6,16.74,OnePlus,Android,1,0,0,0,1,34.89
4724,5753,281888,215.16,3.46,27,72,5,16.07,Samsung,Android,0,1,1,0,1,39.11
3782,3507,135006,180.38,2.64,11,69,5,37.11,Samsung,Android,0,1,0,1,1,30.79
1755,2401,454521,146.44,1.53,17,27,7,20.31,Huawei,Android,0,0,0,1,0,30.3
5679,7156,61315,240.07,2.96,28,52,5,23.62,Motorola,Android,1,1,1,0,1,41.08
3346,12351,90817,113.77,3.1,20,40,7,17.98,Vivo,Android,0,0,1,0,1,32.03
3643,4075,330099,192.96,3.42,20,11,8,26.9,Samsung,iOS,1,0,1,1,0,38.0
2826,13272,132112,213.91,3.11,6,37,5,29.57,Oppo,iOS,0,1,1,0,0,34.22
1852,8383,408518,209.25,2.91,5,56,7,25.64,Oppo,Android,0,0,0,0,0,33.25
2938,3236,222340,101.03,2.29,21,49,4,10.22,Vivo,iOS,1,0,0,0,0,24.95
3187,12772,352003,214.32,3.06,15,54,5,13.02,Oppo,Android,0,1,0,0,1,38.36
5375,11174,268976,163.86,3.21,19,102,4,10.32,Realme,iOS,0,1,1,1,0,35.75
4147,14730,123414,203.07,1.53,32,38,8,37.01,Samsung,iOS,1,1,1,0,0,46.61
5089,1867,104150,223.94,2.02,17,42,4,18.3,Motorola,Android,1,0,1,1,1,32.21
3458,1080,101368,212.0,3.19,20,34,8,33.67,Vivo,Android,0,1,0,0,1,33.93
5965,8941,290755,103.11,1.58,17,19,7,34.39,Motorola,iOS,0,0,0,0,0,31.14
2486,3356,497045,132.68,2.08,25,39,8,30.27,OnePlus,Android,1,1,0,0,0,36.29
5051,8342,109424,137.58,3.37,8,91,5,13.14,Huawei,iOS,0,1,0,0,0,25.81
2862,11788,341200,212.33,1.49,16,42,8,26.52,Tecno,iOS,1,0,1,1,0,41.28
4922,11520,63018,150.13,2.15,25,48,4,36.97,Apple,iOS,1,1,0,1,0,37.79
4121,10581,206496,211.5,2.21,9,66,4,12.88,Apple,iOS,0,0,0,1,1,32.85
4909,9093,123453,172.25,2.32,24,93,7,35.15,Oppo,Android,0,1,0,1,1,39.14
3861,13822,75258,142.86,3.09,22,96,8,35.85,Vivo,Android,1,0,0,1,0,39.58
1275,9034,314291,168.93,2.37,31,71,6,19.07,Apple,iOS,0,1,0,0,0,38.41
5148,5271,411590,210.32,2.27,26,21,4,26.83,OnePlus,Android,1,1,0,0,0,39.74
1400,5050,432079,137.56,1.42,9,15,7,20.45,Tecno,Android,1,1,0,1,0,29.8
1275,8995,163030,175.78,3.09,21,90,6,38.2,Vivo,iOS,0,0,0,0,1,36.34
1849,3904,331002,139.91,3.02,22,20,8,24.63,Huawei,iOS,0,0,0,1,1,33.72
5937,9325,222252,148.4,3.13,7,52,8,24.77,Motorola,Android,1,1,1,0,1,32.99
1263,8427,315142,226.43,1.5,22,61,5,24.29,Huawei,Android,1,0,0,1,0,39.63
1181,2414,52071,191.55,1.94,32,66,6,19.57,OnePlus,Android,0,1,0,1,0,33.96
5084,11053,148575,210.6,3.0,19,43,5,22.84,OnePlus,iOS,1,0,1,1,0,39.07
4260,11793,485039,157.36,3.28,18,61,5,34.91,Vivo,Android,0,0,0,0,1,39.49
4930,8848,75208,236.8,2.83,30,92,6,17.87,Samsung,Android,0,0,0,0,0,39.67
1508,13572,373731,225.69,1.38,22,55,8,32.53,Oppo,Android,0,1,0,1,0,45.15
1468,8893,383722,183.69,1.94,11,53,5,34.08,Apple,iOS,0,1,1,1,1,36.13
4486,14087,122096,184.61,2.11,7,66,8,26.32,Motorola,iOS,0,1,0,1,1,35.77
2495,12001,390633,240.61,2.07,23,25,5,33.49,Vivo,Android,0,1,0,1,1,45.54
2201,12075,361938,151.13,3.35,8,98,5,24.09,Huawei,iOS,1,1,0,1,0,34.95
3077,12963,168569,126.55,2.59,17,89,4,22.47,Apple,iOS,0,1,1,0,1,32.63
3227,14534,373665,114.69,2.26,32,16,4,38.72,Huawei,Android,1,1,0,1,1,44.12
1636,1572,145036,217.69,2.23,31,83,4,30.35,Samsung,Android,1,1,1,1,1,38.77
4625,14280,188468,203.56,3.12,32,61,7,32.33,Realme,Android,1,0,1,0,0,46.71
3102,14387,503362,221.79,2.75,17,9,8,34.74,OnePlus,Android,1,0,1,0,1,46.84
4712,1918,392660,132.06,1.45,25,29,4,17.13,Motorola,Android,1,0,1,0,1,31.22
5993,2862,468245,101.68,2.97,28,20,6,34.95,Samsung,Android,1,0,1,1,1,37.41
2789,10531,395939,213.24,1.61,21,85,6,35.35,Realme,Android,0,0,0,0,0,40.69
5919,6368,88052,129.61,1.95,12,83,4,30.74,Samsung,iOS,0,0,0,0,0,25.67
5221,5024,376985,150.49,2.44,29,80,7,12.06,Samsung,Android,0,1,1,0,1,36.69
2378,12193,359166,243.25,2.61,22,76,8,23.03,Huawei,Android,0,0,1,0,0,43.7
3362,8102,36193,214.59,1.62,17,57,4,13.13,Apple,Android,1,1,1,0,0,32.07
1132,3417,220476,205.44,2.58,11,21,6,36.73,OnePlus,iOS,0,0,0,1,0,31.42
5357,10823,150726,113.03,3.23,14,95,6,39.82,Huawei,Android,1,0,0,1,1,34.7
2508,14618,174500,101.54,3.24,22,11,5,34.93,Apple,Android,0,1,1,0,0,35.04
3478,8132,54268,209.23,1.35,6,62,8,24.46,Tecno,Android,0,0,1,0,1,30.12
3259,14442,9584,206.25,3.19,6,95,8,37.13,Motorola,iOS,1,1,1,0,1,37.76
4758,12639,60388,219.42,1.23,21,26,5,22.88,Motorola,Android,1,0,1,1,0,38.97
2019,2873,444802,226.81,1.96,16,78,8,35.59,Realme,Android,0,0,1,1,0,38.23
1386,1427,16423,205.15,3.16,27,71,4,36.7,OnePlus,Android,1,0,1,0,0,33.62
5225,4487,38622,222.91,3.4,8,42,5,36.26,Vivo,Android,0,1,1,0,1,31.39
5963,7412,181345,117.05,2.62,24,35,4,31.42,OnePlus,iOS,0,1,1,0,1,32.87
3451,3245,244886,204.48,2.03,20,24,7,39.89,Apple,iOS,1,0,0,0,1,36.61
3333,12184,479378,174.85,1.54,30,103,5,30.96,Realme,iOS,1,0,0,1,0,45.21
5887,4554,341736,232.21,3.43,32,45,7,10.18,Realme,Android,0,1,0,1,0,42.41
5938,6254,347919,179.12,3.12,14,85,7,16.09,OnePlus,Android,0,1,1,0,1,34.49
1561,14746,60454,145.86,2.31,10,33,7,30.67,Samsung,iOS,1,1,1,0,0,33.08
3459,4240,171126,159.89,2.85,22,90,4,11.24,Oppo,iOS,0,0,1,0,1,29.54
2237,1054,464759,239.56,2.16,10,98,4,15.51,Vivo,Android,0,1,1,0,0,31.35
5512,12792,377594,194.88,1.68,15,24,4,30.42,Samsung,iOS,0,0,0,1,1,39.27
1709,5314,138925,214.88,1.77,8,9,5,17.71,Vivo,Android,0,0,0,1,1,28.6
3253,6892,474359,116.59,3.07,8,100,7,13.17,Motorola,iOS,0,1,0,1,1,30.39
5351,14342,152186,104.57,2.11,23,39,4,34.42,Xiaomi,Android,1,0,0,0,0,35.02
5999,10682,156742,184.5,2.25,13,70,5,17.86,Xiaomi,Android,0,0,0,0,1,32.51
1237,6400,506986,168.94,2.3,29,33,7,27.02,Tecno,iOS,0,0,0,1,0,40.17
5294,12180,497304,237.69,2.77,15,59,4,22.97,Samsung,iOS,1,1,1,0,0,43.06
1917,3130,493616,178.61,3.24,22,44,4,20.55,Oppo,iOS,0,1,1,0,0,34.45
5662,3376,511481,235.69,2.83,22,91,8,35.01,Apple,Android,0,0,0,0,0,41.87
3357,6895,304040,157.14,1.42,14,20,7,39.23,OnePlus,Android,0,1,1,0,1,33.78
5295,12398,137590,189.9,1.54,12,62,8,20.0,Xiaomi,iOS,1,0,1,1,1,37.09
5062,15786,106627,212.96,3.13,30,14,8,37.69,Realme,Android,0,0,0,1,0,47.07
2211,7745,65973,133.48,2.76,30,93,5,11.14,Vivo,iOS,1,0,0,1,1,33.85
3040,4714,455258,112.09,1.71,27,95,7,25.39,Samsung,Android,1,1,1,1,1,37.55
2670,3279,212984,133.05,1.79,12,42,4,15.61,Xiaomi,Android,0,0,1,1,0,24.15
1188,12743,436490,211.45,2.11,7,90,6,19.12,Realme,iOS,1,0,1,0,1,37.64
3823,4518,410566,246.41,3.36,24,19,7,34.61,Huawei,Android,0,1,0,1,1,44.14
5413,2266,368727,225.74,1.38,9,58,6,33.63,Tecno,iOS,1,0,1,1,0,34.72
3185,3501,298549,141.15,1.95,12,34,8,32.66,Samsung,Android,1,0,0,0,1,30.29
4925,8708,110254,173.17,2.03,30,24,6,14.73,Motorola,Android,0,1,1,0,1,36.61
