battery_power,brand,processor_speed,dual_sim,fc,four_g,int_memory,mobile_wt,n_cores,pc,ram,talk_time,three_g,touch_screen,wifi,os,price
4520,Samsung,1.585692223,1,3,1,157,125,4,14,6256,3,0,0,1,Android,2253.4
4087,Samsung,2.033726691,1,11,0,26,166,1,16,4840,4,0,0,0,Android,1611.68
4880,Samsung,2.391077432,0,15,0,40,178,6,10,6487,7,1,1,0,Android,2904.1
1422,Samsung,3.434698845,1,7,1,128,101,2,34,6352,8,1,0,1,Android,3641.78
5217,Apple,1.256327281,0,19,0,195,145,5,3,5412,7,0,0,0,iOS,984.16
1652,Apple,3.056781948,0,2,1,237,122,4,33,2964,20,1,0,1,iOS,1402.08
3044,Apple,1.695786757,1,18,0,66,185,6,20,4909,5,1,1,1,iOS,1689.73
5337,Apple,1.729962634,0,4,0,112,248,1,10,8378,15,1,0,0,iOS,1010.94
4048,Apple,1.868031915,1,12,1,130,208,1,32,4052,14,1,0,0,iOS,1877.46
3415,Apple,2.699405897,0,3,1,179,209,3,47,4848,5,0,0,1,iOS,2777.95
2773,OnePlus,3.057097481,0,19,1,43,192,6,26,9368,8,0,0,1,iOS,3716.08
1543,OnePlus,1.271526966,1,2,0,238,111,1,35,7004,22,0,1,0,iOS,512.57
3407,OnePlus,3.097452214,1,11,1,166,232,1,44,8018,21,1,0,1,iOS,732.13
5266,OnePlus,3.5,1,11,1,149,236,6,28,1621,8,0,1,1,iOS,1478.2
5491,OnePlus,1.429870119,0,19,1,254,108,5,31,3014,10,1,1,0,iOS,226.69
4928,OnePlus,1.604681485,0,18,0,71,230,6,23,6615,10,1,1,1,iOS,1553.55
5158,OnePlus,1.746313804,0,13,1,230,242,1,10,2418,14,1,1,1,iOS,411.42
4438,OnePlus,2.239636837,0,2,1,112,105,2,34,2622,6,1,0,0,iOS,401.78
5122,OnePlus,2.908774473,0,5,0,102,116,3,20,7624,7,1,1,1,iOS,6201.65
1353,OnePlus,1.180827739,1,10,1,130,166,5,18,1922,10,0,0,0,iOS,302.56
4926,Tecno,1.49693391,0,4,1,42,228,6,23,5849,15,1,1,1,Android,1675.62
3479,Tecno,3.226014432,1,13,1,12,248,1,6,7507,12,0,0,0,Android,4559.08
2177,Tecno,1.896413575,1,16,1,84,226,7,27,7335,2,1,0,0,Android,1300.9
2844,Tecno,3.5,0,19,0,122,209,6,31,7453,12,0,1,0,Android,3983.73
1395,Tecno,3.158157131,0,16,1,152,146,5,11,3954,4,0,1,0,Android,3706.63
3917,Tecno,3.440124547,1,7,0,139,190,2,42,8253,19,0,0,0,Android,7984.18
5175,Tecno,2.192074581,0,14,1,149,243,1,3,7510,19,0,1,1,Android,2205.6
3070,Tecno,2.45992548,0,4,1,137,120,3,16,7587,14,1,0,0,Android,4821.67
4308,Tecno,1.538866258,1,14,0,223,119,7,17,5906,15,0,0,1,Android,2689.02
3347,Tecno,3.5,1,5,1,27,203,6,34,8519,5,1,1,0,Android,1836.09
5441,Tecno,2.16893211,0,0,1,98,213,2,7,4764,6,1,0,1,Android,1450.01
2549,Tecno,3.123995446,1,14,1,25,229,5,20,2922,22,0,0,0,Android,1640.68
1412,Tecno,1.783054412,1,8,1,252,131,3,15,6971,6,0,1,1,Android,771.64
2794,Tecno,3.5,1,3,1,74,217,6,27,7801,11,0,1,0,Android,6254.16
3662,Tecno,3.5,1,4,1,40,186,1,4,2389,18,0,1,1,Android,2599.37
2137,Tecno,2.596912881,0,16,1,175,194,5,10,8203,7,0,0,1,Android,5565.87
2889,Itel,3.5,0,14,1,110,134,7,18,5040,13,1,1,1,Android,4274.69
3339,Itel,2.788423085,1,11,0,57,175,7,18,6714,9,0,0,0,Android,2096.76
1893,Itel,2.722626463,1,17,1,13,249,7,6,3112,16,1,0,0,Android,991.79
4058,Itel,2.428046848,1,14,1,137,103,5,39,9155,4,0,0,0,Android,4880.54
5189,Itel,1.461155425,0,4,1,185,179,6,29,4207,17,1,1,1,Android,782.31
4591,Itel,1.132763883,1,18,0,223,225,6,10,9144,20,1,1,1,Android,1293.78
4002,Itel,3.5,1,10,0,157,153,6,37,5315,22,0,0,1,Android,4545.26
1334,Itel,2.249386101,0,9,0,178,119,2,41,2354,6,0,0,0,Android,656.12
2693,Itel,2.226340919,1,16,0,138,181,5,38,3160,13,1,1,0,Android,1058.68
4317,Itel,1.049492464,0,16,1,152,184,7,42,5636,21,0,0,0,Android,1074.59
5050,Itel,1.693833436,0,17,0,232,237,4,45,6807,12,1,1,0,Android,3631.37
2599,Itel,1.667260245,1,11,1,230,163,1,47,4257,22,1,0,0,Android,2157.92
4919,Itel,2.931276684,0,14,1,179,100,5,18,8410,6,0,1,0,Android,1711.94
5517,Itel,1.772744669,1,17,0,110,200,5,36,6391,23,0,1,0,Android,2223.06
3167,Itel,2.279231907,1,10,1,62,162,7,35,6059,21,1,1,0,Android,4148.28
3715,Itel,3.308482882,0,18,1,218,132,5,32,4210,2,1,0,1,Android,2464.94
5457,Itel,1.991612917,0,12,1,8,210,2,40,9679,18,0,1,1,Android,4227.4
4497,Itel,3.303217046,1,3,0,39,131,7,2,5159,2,1,0,1,Android,2273.3
4945,Itel,1.323214225,1,19,0,178,164,7,45,2074,20,0,1,0,Android,660.54
2287,Itel,1.543017205,0,4,1,8,148,2,5,7277,17,1,0,0,Android,3266.75
4670,OnePlus,2.559157456,1,11,1,86,186,2,27,2928,4,0,0,0,iOS,1457.97
2824,OnePlus,2.162563985,0,6,0,22,159,5,42,2795,12,0,0,0,iOS,1553.99
4677,OnePlus,1.342031559,0,4,0,160,110,7,28,8094,19,0,0,0,iOS,1352.57
3838,OnePlus,2.447398429,0,12,0,157,196,6,9,7742,5,1,0,0,iOS,2578.63
1141,OnePlus,1.40768818,1,8,1,219,130,3,28,4923,23,0,1,1,iOS,1258.41
1961,OnePlus,2.463657327,0,15,1,217,244,2,5,6557,5,0,1,1,iOS,2300.56
5317,OnePlus,1.454456522,1,17,1,172,233,3,22,6209,14,1,1,1,iOS,998.83
1629,OnePlus,2.240708032,0,5,0,24,186,5,2,5382,5,1,0,1,iOS,3542.82
2535,OnePlus,2.109752835,1,15,1,56,210,2,38,6294,18,0,0,0,iOS,1840.23
4511,OnePlus,1.426797527,1,12,0,120,126,1,12,4639,9,0,1,1,iOS,1275.03
4123,OnePlus,2.303415722,1,2,0,135,105,1,32,4492,6,0,0,0,iOS,833.78
5361,OnePlus,2.201869718,0,1,1,133,182,5,45,7611,22,0,0,1,iOS,2331.82
2084,Tecno,3.5,0,13,0,247,196,2,14,6686,3,1,0,0,Android,3200.32
3712,Tecno,2.493562543,1,18,0,209,233,6,22,8431,3,1,0,1,Android,2756.66
4028,Tecno,2.586231066,0,7,1,238,135,7,33,2303,14,1,0,0,Android,2004.8
4235,Tecno,2.425704818,0,18,0,138,199,4,21,5463,15,0,1,0,Android,713.98
2908,Tecno,1.563321567,0,2,0,76,120,6,3,6131,4,1,1,1,Android,986.82
3937,Tecno,1.865009092,1,16,1,228,144,1,9,4391,15,1,1,0,Android,916.37
2975,Tecno,1.778737173,1,15,1,195,152,2,3,4399,18,0,0,1,Android,1667.17
4862,Tecno,3.145644615,1,1,1,183,141,6,5,6376,23,1,0,0,Android,1577.42
1209,Tecno,3.300681015,0,13,0,211,195,7,43,4359,13,0,0,0,Android,1156.9
3798,Tecno,1.666770986,0,6,1,143,111,4,4,2170,16,1,1,0,Android,213.97
3600,Tecno,2.122192625,1,4,1,4,133,5,45,9035,16,1,0,1,Android,825.21
1784,Samsung,1.640632683,1,18,1,176,188,3,31,6329,10,1,1,1,Android,522.5
1013,Samsung,2.993708386,0,8,0,199,241,4,35,6843,14,0,0,0,Android,4229.37
4011,Samsung,1.231509972,1,10,1,40,135,6,14,3174,2,0,0,0,Android,1338
2649,Samsung,3.484655556,0,12,0,127,180,3,24,3234,7,1,1,0,Android,766.23
5049,Samsung,1.78452064,1,16,1,134,159,7,20,6156,23,1,1,0,Android,2751.36
5255,Samsung,2.820331912,0,19,0,100,100,2,17,8280,23,0,1,0,Android,7750.01
1580,Samsung,1.749789114,1,16,0,140,240,3,3,4917,5,0,0,1,Android,335.22
3071,Samsung,1.30719237,1,11,0,147,101,6,33,4060,10,1,1,0,Android,809.91
3125,OnePlus,2.162036288,0,13,0,225,192,6,34,7823,18,1,1,1,iOS,1426.14
3244,OnePlus,1.954470237,0,4,1,160,247,7,10,4618,4,0,1,1,iOS,2640.81
3968,OnePlus,2.470259448,0,17,0,118,240,3,43,9681,2,0,1,0,iOS,4825.2
4669,Itel,2.298605822,1,11,1,252,177,1,28,8240,2,0,1,1,Android,1369.3
1180,Itel,1.093318343,0,18,1,73,146,7,33,6685,5,1,1,1,Android,2444.78
3660,Itel,3.081682831,1,19,0,18,153,2,45,4231,20,0,0,0,Android,3190.25
2058,Itel,2.154770198,1,14,0,154,244,1,36,2509,6,1,0,1,Android,758.16
4741,Itel,2.094135502,1,16,0,56,171,5,30,7140,4,0,0,0,Android,4562.45
4291,Itel,3.281799166,0,9,0,154,228,3,15,4731,4,1,1,0,Android,2867.79
3120,Itel,2.076729861,1,3,1,68,240,6,30,8804,12,1,0,0,Android,4962.78
1716,Itel,1.619477465,0,12,1,197,139,5,5,7596,14,0,1,0,Android,1185.15
950,Itel,3.401362976,0,7,1,25,225,2,10,8510,15,1,1,1,Android,3014.81
2237,Itel,1.032043335,0,6,0,34,244,2,5,5627,10,1,0,0,Android,161.46
4000,Itel,1.143385925,0,6,0,196,234,3,8,5914,11,1,0,0,Android,411.31
3454,Itel,2.834831344,0,2,1,244,174,4,25,3053,6,1,1,0,Android,406
3709,Huawei,3.219176417,0,1,1,91,176,3,32,2457,22,0,1,0,iOS,937.31
3583,Huawei,2.380833914,1,5,1,13,205,3,35,2420,14,1,1,0,iOS,1287.6
2872,Huawei,3.271802931,1,9,0,71,143,3,46,4414,16,0,1,1,iOS,2549.92
5196,Huawei,3.270468802,1,1,1,140,129,7,2,6041,2,0,1,1,iOS,5264.94
3436,Huawei,1.752149014,0,18,0,217,206,4,42,7265,22,1,0,0,iOS,1903.67
3739,Huawei,1.602337753,0,5,0,175,132,1,16,5956,14,0,0,0,iOS,1466.86
4834,Huawei,1.967018451,0,13,1,154,144,2,10,5177,7,1,0,1,iOS,3212.04
3947,Huawei,2.975446522,1,8,0,106,240,6,39,2338,20,1,1,1,iOS,379.04
5420,Huawei,2.111877151,0,13,0,7,185,1,42,6042,11,0,0,0,iOS,2497.72
2728,Huawei,1.898704505,0,19,0,190,154,3,39,4417,12,1,1,1,iOS,2125.94
4905,Huawei,3.490211955,1,2,1,16,245,2,40,5821,10,1,1,0,iOS,4682.94
1580,Huawei,2.811286451,0,19,0,235,124,3,20,8289,13,0,1,1,iOS,2914.58
2310,Huawei,3.5,1,15,0,112,143,1,8,4790,9,1,0,1,iOS,1255.03
1980,Huawei,2.388153486,1,6,0,235,175,6,3,4601,2,0,0,1,iOS,2680.65
2042,Huawei,3.5,0,2,1,53,108,3,18,2774,6,0,0,1,iOS,2658.24
4481,Huawei,1.178468181,1,12,0,130,223,5,10,7650,10,1,1,1,iOS,1826.38
4797,Huawei,2.89029138,1,3,0,57,208,7,38,8835,7,0,0,0,iOS,1303.82
4579,Huawei,3.5,1,8,0,161,224,1,38,8991,20,1,1,0,iOS,3049.53
4429,Huawei,1.319254095,1,10,1,47,219,1,26,3125,20,0,0,1,iOS,414.56
3554,Huawei,2.95660371,1,2,0,8,142,6,36,1962,21,0,1,0,iOS,501.18
3483,Huawei,2.547954271,0,0,1,42,101,6,9,4126,11,0,0,0,iOS,3115.72
1473,Huawei,3.5,1,18,1,119,207,5,42,5201,14,0,0,0,iOS,2507.82
4695,Apple,1.49604673,1,6,1,152,182,4,32,3215,16,0,0,1,iOS,852.18
3098,Apple,2.215104577,1,18,1,24,215,3,26,4658,20,0,0,0,iOS,1509.31
5703,Apple,1.936896945,1,19,1,221,141,4,9,8450,4,0,1,0,iOS,4198.7
5468,Apple,1.14400081,0,3,0,43,214,1,15,6963,21,0,0,0,iOS,2269.38
2060,Apple,1.445858566,0,12,1,139,180,6,8,5980,7,0,1,0,iOS,570.79
2812,Apple,3.098830816,0,12,1,98,203,5,40,8327,16,1,0,1,iOS,6723.55
4498,Apple,3.5,1,7,0,15,149,1,6,2879,11,0,1,0,iOS,3488.56
4043,Apple,3.263550188,0,14,0,84,140,4,36,6893,5,0,1,1,iOS,6066.8
1946,Apple,1.749429855,0,13,1,101,219,6,41,3529,8,0,1,1,iOS,1036.06
4639,Apple,3.457949045,0,15,0,226,218,2,8,5602,15,0,1,1,iOS,2190.35
3809,Apple,2.651830512,1,7,1,173,192,4,36,8788,11,0,0,1,iOS,6795.57
3862,Apple,2.979592049,1,2,1,127,152,1,10,5030,3,0,0,1,iOS,1165.94
3318,Apple,3.015301922,1,14,1,183,183,1,13,4288,12,1,1,1,iOS,3198.2
3771,Apple,3.5,1,2,1,173,113,6,24,9722,21,1,1,0,iOS,7286.1
3724,Apple,2.990923995,1,6,1,183,114,7,6,9221,13,1,0,1,iOS,1966.36
2050,Apple,3.5,1,4,1,238,228,4,44,4996,20,1,0,0,iOS,3319.16
3257,Apple,2.784730167,0,4,1,225,130,1,25,5642,6,1,1,0,iOS,3327.58
3801,Itel,2.512103548,1,6,1,33,100,5,19,9488,5,1,1,0,Android,4774.39
4327,Itel,1.024200346,1,11,0,164,244,1,21,2926,2,0,0,0,Android,344.96
3494,Itel,3.5,0,10,1,175,139,3,17,7769,8,1,0,1,Android,7030.09
4311,Itel,3.49284002,1,9,1,60,174,3,33,2269,3,1,1,0,Android,2349.36
3575,Itel,2.048070587,0,14,0,76,155,7,4,5945,10,0,0,1,Android,2085.68
3466,Itel,2.016961906,1,7,0,37,213,5,2,4060,17,1,0,0,Android,1749.02
4122,Itel,3.229473583,1,1,1,150,103,2,28,3493,16,1,0,1,Android,1676.63
3833,Itel,3.279715189,0,15,0,165,237,2,13,5340,11,0,1,0,Android,5528.78
1896,Itel,2.906141484,0,10,0,86,163,3,22,5627,8,0,1,1,Android,1750.18
2768,Itel,3.5,0,3,1,211,117,3,48,2779,22,0,0,0,Android,1865.22
2988,Itel,3.104184746,1,6,0,83,189,2,26,4931,4,1,1,1,Android,1751.83
2302,Itel,2.65571375,1,11,0,253,249,6,2,7807,8,1,1,0,Android,6746.52
2039,Itel,1.468292987,0,6,0,113,161,7,7,6886,18,0,1,0,Android,2366.89
2549,Itel,2.268943718,0,14,0,142,211,4,3,4115,6,1,1,0,Android,404.3
2790,Itel,1.715644462,1,0,1,230,146,3,12,7635,8,0,0,1,Android,1448.31
5287,Itel,0.997948998,1,17,1,132,174,6,45,4762,3,1,0,1,Android,265.43
4789,Itel,3.5,0,4,1,206,146,2,22,9069,17,1,0,0,Android,3898.43
1639,OnePlus,2.267805209,0,7,0,120,112,4,48,2914,18,1,1,0,iOS,1286.21
2209,OnePlus,2.954004608,1,3,1,39,155,1,11,7531,11,1,0,1,iOS,4339.97
2578,OnePlus,2.400320877,0,2,0,145,240,6,15,4082,21,0,0,0,iOS,2777.48
4995,OnePlus,3.111563303,0,6,1,97,235,5,31,6470,11,0,0,1,iOS,1878.33
2789,OnePlus,2.354777438,1,4,1,223,214,3,28,2853,19,0,1,0,iOS,844.39
4705,OnePlus,2.650511351,1,9,1,87,150,5,49,9818,9,1,1,0,iOS,2409.22
2965,OnePlus,2.350158985,0,11,1,91,208,5,5,6856,22,0,1,1,iOS,3861.06
887,OnePlus,2.513317108,1,2,1,3,187,5,47,4787,14,0,1,0,iOS,1477.18
2222,OnePlus,1.653428921,1,13,1,234,159,7,34,5016,13,1,1,0,iOS,1420.91
4636,OnePlus,3.049147931,1,4,0,11,173,4,11,7840,10,1,1,0,iOS,2088.91
3837,OnePlus,2.192046249,1,6,1,243,223,3,36,1526,4,0,0,1,iOS,1031.06
5274,OnePlus,2.817331913,0,10,1,24,232,4,28,3075,17,0,0,0,iOS,2219.37
4935,OnePlus,1.860494251,1,16,0,66,113,7,25,2973,22,0,1,0,iOS,1501.95
3958,OnePlus,2.356626444,1,1,1,78,130,1,27,6785,20,1,0,0,iOS,1265.16
5040,OnePlus,1.233430993,1,4,0,165,227,1,28,4379,22,0,0,0,iOS,1798.54
2528,OnePlus,3.179272469,1,10,0,126,196,7,26,7578,18,0,0,0,iOS,4300.18
2489,OnePlus,2.96532214,1,10,1,158,162,5,21,6266,21,0,0,0,iOS,3972.42
4990,OnePlus,2.850976409,0,6,0,82,245,7,36,4101,5,0,1,0,iOS,2634.43
4776,OnePlus,2.918001965,0,17,0,142,124,7,18,5746,16,0,0,0,iOS,2382.43
5357,OnePlus,2.465397862,1,3,1,14,121,5,42,2520,10,0,0,0,iOS,398.75
5023,OnePlus,3.017517671,1,5,0,61,189,2,48,5209,23,1,0,1,iOS,2825.12
1954,OnePlus,2.726168917,1,19,0,202,214,7,48,2735,5,1,1,1,iOS,1620.99
1797,OnePlus,1.87405235,1,16,1,177,246,3,14,5850,13,1,1,1,iOS,725.98
3654,OnePlus,3.5,1,19,0,106,201,3,26,9784,12,1,1,0,iOS,5197.57
825,OnePlus,2.813307172,0,14,0,15,167,2,27,6711,13,0,1,0,iOS,2919.05
3742,Huawei,3.5,1,11,0,160,156,4,12,2635,4,0,0,1,iOS,624.08
4594,Huawei,1.881527041,1,12,1,3,238,1,21,9015,20,0,1,1,iOS,1408.44
1112,Huawei,3.360248949,1,4,1,105,161,4,13,4144,9,0,0,0,iOS,1833.84
5011,Huawei,1.016171297,0,16,0,227,175,7,46,3205,8,1,0,0,iOS,403.15
1766,Huawei,2.768192184,1,15,0,105,146,6,42,4759,21,0,1,1,iOS,536.72
1920,Huawei,2.462978725,0,3,1,126,156,3,39,6512,2,1,0,0,iOS,2267.79
4379,Huawei,1.744046152,0,14,0,97,210,2,44,8296,20,0,0,0,iOS,406.46
1841,Huawei,3.5,0,7,0,153,131,1,30,1969,11,1,1,0,iOS,1406.89
4617,Huawei,3.121358791,1,9,0,70,154,6,18,2087,6,1,0,0,iOS,400.34
3835,Huawei,2.617134541,1,17,1,181,183,7,23,8270,8,0,0,0,iOS,1917
3941,Huawei,1.851523512,0,2,0,141,105,2,23,8028,13,1,1,0,iOS,2758.27
3799,Huawei,2.811006662,0,11,0,131,107,4,35,8981,4,1,0,0,iOS,6690.78
1338,Itel,3.5,1,15,0,120,109,2,15,5256,8,1,1,1,Android,757.69
4320,Itel,1.729336657,0,12,1,167,162,2,17,2720,19,1,0,0,Android,508.73
3256,Itel,0.967850028,1,12,0,233,212,4,30,4386,17,1,0,1,Android,479.56
2423,Itel,2.515143907,1,3,0,80,150,5,12,3005,16,1,1,1,Android,1154.7
1132,Itel,2.268068645,0,10,1,114,219,2,22,3170,22,1,1,1,Android,567.87
2457,Itel,1.30326994,1,10,1,93,180,5,19,4918,15,1,1,1,Android,1824.54
2364,Itel,2.869668469,0,9,1,176,136,7,6,4426,17,0,0,0,Android,914.04
1873,Apple,2.457039006,0,5,1,79,202,1,2,5711,9,1,1,0,iOS,4872.15
4541,Apple,2.449697682,1,18,0,179,155,7,4,2143,15,1,0,1,iOS,1483.13
4998,Apple,2.261996086,1,0,0,23,217,1,2,7592,9,1,1,1,iOS,4524.26
4966,Apple,2.980527601,1,10,0,18,237,3,25,7339,2,0,1,1,iOS,2180.12
2749,Apple,1.089655026,1,9,0,40,165,4,29,2772,19,0,0,1,iOS,381.92
5087,Apple,2.073456385,0,5,1,72,205,1,43,7121,12,1,0,0,iOS,3901.44
5282,Apple,0.862812065,1,7,0,32,196,2,23,7469,22,1,1,0,iOS,2105.91
5486,Apple,1.505403426,0,8,1,204,237,5,15,4854,6,0,1,0,iOS,1636.22
2708,Apple,3.5,0,8,1,226,186,1,18,4608,10,0,0,1,iOS,1273.65
1368,Apple,1.133539704,1,0,0,73,182,1,19,1538,6,0,1,1,iOS,523
2331,Apple,3.5,1,18,1,232,171,4,17,8780,9,0,1,0,iOS,5581.89
5217,Apple,3.281828214,0,11,1,134,160,7,19,7785,14,0,0,0,iOS,5272.38
3798,Apple,1.619488904,1,1,1,8,175,6,14,8309,12,1,1,0,iOS,748.02
2732,Apple,3.049361885,1,2,0,199,121,6,15,8753,14,1,0,1,iOS,5691
988,Apple,2.886596034,1,17,0,50,104,3,7,6483,9,0,0,0,iOS,6205.22
4186,Apple,2.937608696,1,16,0,211,217,4,24,6546,2,1,1,0,iOS,4795.79
3658,Apple,3.367659372,0,16,0,186,242,3,20,7307,11,1,0,0,iOS,5921.17
3541,Apple,1.311016347,0,10,1,86,172,3,8,2197,10,1,0,1,iOS,685.92
4001,Apple,0.836723103,0,0,1,106,141,7,44,7780,13,0,0,0,iOS,1727.45
4907,Apple,3.016004689,1,16,1,196,109,5,42,5236,11,0,1,1,iOS,5300.25
3595,Apple,2.009635603,0,13,0,68,122,5,13,4292,20,0,1,0,iOS,1240.6
5441,Apple,3.494353671,0,0,0,168,202,3,12,6295,14,1,0,0,iOS,3811.08
4295,Apple,2.279145646,1,12,0,76,237,1,48,7253,14,0,0,1,iOS,2504.08
2390,Apple,3.413446396,1,13,1,229,227,7,26,6273,20,1,1,0,iOS,3355.76
2856,Apple,3.5,0,10,1,201,226,2,7,6672,7,1,0,1,iOS,5457.04
4448,Apple,3.393295816,0,17,1,84,237,2,26,6178,19,1,1,0,iOS,3410.15
1968,Apple,2.028700847,1,18,0,11,175,7,13,6227,19,1,0,1,iOS,2734.02
2617,Apple,3.304064935,0,16,0,74,185,3,27,6580,23,1,0,0,iOS,926.67
3480,Apple,2.868628176,0,5,0,153,105,6,29,1972,15,1,0,1,iOS,328.27
4990,Apple,2.097279131,1,10,1,163,132,3,10,7985,4,0,1,1,iOS,4652.29
1251,Apple,2.511392681,1,17,1,96,110,4,18,7520,23,1,1,1,iOS,3272.34
2323,Apple,1.752989347,1,10,1,200,161,1,39,6194,7,0,0,1,iOS,2584.8
5124,Apple,2.245950869,1,2,0,48,182,7,5,8813,5,1,1,1,iOS,4125.72
4165,Apple,2.137732879,1,4,0,54,137,4,25,6186,18,1,1,1,iOS,947.15
5199,Apple,3.307606699,1,2,1,112,234,2,23,3489,14,0,1,1,iOS,636.73
3805,Apple,2.315195318,1,6,0,139,140,6,19,6804,16,0,1,0,iOS,4846.81
2444,Apple,3.078065016,1,12,1,130,242,5,25,6840,9,0,0,0,iOS,1384.28
1532,Apple,2.18703516,1,6,1,144,233,5,8,3904,17,0,0,1,iOS,2962.48
1954,Apple,3.5,1,18,1,44,224,2,44,5666,4,1,1,1,iOS,1379.74
1282,Tecno,2.52716109,1,7,0,109,155,7,2,6207,6,1,0,0,Android,1578.31
2982,Tecno,3.14620617,1,18,1,62,219,2,12,2596,15,1,1,0,Android,2794.44
1917,Tecno,1.409311061,1,2,1,157,200,7,14,8027,13,1,1,1,Android,2550.12
4398,Tecno,2.820898259,1,1,1,22,178,1,30,5449,19,0,1,1,Android,1571.96
1294,Tecno,2.601487054,1,8,1,25,204,4,33,4005,21,0,1,0,Android,2564.68
4514,Tecno,2.200321863,0,1,0,164,197,5,48,8425,16,1,1,0,Android,2523.13
1887,Tecno,3.5,0,6,0,40,113,4,34,8450,21,1,1,0,Android,4313.3
3458,Tecno,1.289140743,1,2,0,5,177,2,27,6529,17,0,1,0,Android,2139.59
2523,Tecno,2.777146708,1,5,1,26,130,2,32,8729,7,1,1,0,Android,818.82
3139,Tecno,3.178119888,1,6,1,92,217,5,11,6831,21,1,1,0,Android,7310.62
1621,Tecno,2.818794292,0,6,0,183,116,2,18,6336,5,1,0,0,Android,4942.01
1594,Tecno,2.472238172,1,4,0,154,231,1,30,3947,5,1,1,0,Android,2145.66
2780,Tecno,3.5,1,16,0,62,205,4,32,6076,18,1,0,0,Android,5970.3
4277,Tecno,3.5,1,5,1,94,233,6,32,1844,10,1,0,0,Android,1364.73
4690,Tecno,2.076844548,0,14,1,41,235,5,12,5097,14,0,1,1,Android,2020.99
2107,Tecno,2.236175969,0,11,1,149,175,3,18,3665,2,1,0,1,Android,2033.81
1148,Tecno,3.5,1,12,1,93,114,7,8,9451,4,1,0,1,Android,4339.33
1900,Tecno,3.161071023,1,0,1,33,231,2,17,6606,10,0,0,1,Android,2330.05
2341,Tecno,1.485052211,0,0,0,143,133,3,38,6391,3,0,1,0,Android,1167.9
3940,Tecno,2.750998752,0,14,0,111,230,7,34,8546,13,1,0,1,Android,1906.64
3687,Tecno,3.5,0,9,1,4,156,6,19,2659,21,1,1,1,Android,1992.3
4803,Tecno,2.660814166,0,14,1,154,166,7,20,2308,3,1,0,1,Android,797.93
4952,Tecno,1.068166527,1,17,0,161,175,1,20,7825,12,0,1,1,Android,1291.57
2143,Tecno,3.287506456,0,13,1,194,220,2,25,6655,5,1,1,1,Android,2985.59
3245,Tecno,2.065166879,0,16,1,17,193,4,7,5620,11,0,0,0,Android,3235.15
2979,Tecno,1.511660671,0,6,1,42,128,3,7,7780,22,1,1,1,Android,3443.39
950,Tecno,1.982806234,1,8,0,151,212,2,41,1797,23,0,0,0,Android,819.3
2730,Tecno,2.951423704,1,4,1,200,161,6,26,3735,3,0,0,0,Android,2521.95
1888,Tecno,1.170084332,1,5,0,244,139,4,19,7155,4,0,0,0,Android,1156.19
1225,Tecno,2.306338715,0,18,0,212,117,7,49,3535,18,0,1,0,Android,2498.18
5560,Tecno,2.528988458,0,2,0,66,179,2,15,9381,2,1,0,1,Android,1230.32
1428,Tecno,3.5,1,6,0,66,234,1,37,8961,4,1,1,1,Android,10404.81
4194,Tecno,0.985297088,1,0,0,134,200,3,38,1917,5,0,1,1,Android,597.33
4729,Tecno,3.426302054,1,1,0,230,107,5,27,1794,6,1,1,0,Android,673.53
3761,Tecno,2.342337591,0,4,0,74,127,5,25,6292,12,1,0,0,Android,1425.53
3870,Tecno,1.257639404,1,1,0,189,196,3,23,4529,22,0,0,0,Android,1780.72
4521,Tecno,3.5,1,12,0,197,237,6,2,6673,8,0,1,0,Android,3933.78
2120,Tecno,1.877826993,0,13,1,97,180,4,31,3098,14,1,0,1,Android,469.25
3116,Tecno,2.672250563,1,6,1,197,233,1,32,5895,12,0,0,0,Android,5493.39
1958,Tecno,2.834125732,1,15,0,238,143,1,5,8015,9,1,0,1,Android,4132.01
4973,Tecno,3.056071598,1,4,1,174,137,7,26,4042,12,0,0,0,Android,331.65
2580,Tecno,2.968486026,0,11,0,102,211,2,10,3381,12,0,1,1,Android,2487.59
4869,Tecno,3.139442,1,12,0,191,230,3,26,3884,9,0,0,1,Android,2428.91
1623,Tecno,2.617913721,1,19,0,194,177,4,4,3391,6,0,0,1,Android,404.63
5184,Tecno,3.5,1,15,1,48,212,4,22,3143,21,1,1,1,Android,267.25
4154,Tecno,2.46699216,0,18,0,207,208,3,21,4022,3,1,0,1,Android,436.78
2159,Tecno,2.696346279,0,3,0,6,126,5,41,7939,6,0,1,0,Android,2033.03
3315,Tecno,3.348850684,0,16,0,166,160,7,18,4280,23,0,0,0,Android,4882.09
2672,Tecno,1.490948113,0,14,0,3,190,5,5,8021,19,0,1,1,Android,3040.51
3154,Tecno,2.687188226,0,9,1,44,127,1,36,8029,10,1,1,0,Android,6500.92
3965,OnePlus,3.373282435,1,1,1,116,227,5,15,6730,21,0,0,1,Android,2830.98
4230,OnePlus,1.849556171,0,7,1,125,200,5,10,6799,9,0,1,0,Android,589.32
4512,OnePlus,1.055992269,1,14,0,39,115,2,34,7878,13,0,0,0,Android,2620.87
2861,OnePlus,1.779552868,1,17,1,59,146,2,16,5456,2,1,1,0,Android,2673.48
4424,OnePlus,1.91006743,0,7,0,197,142,1,16,4640,3,0,0,1,Android,715.53
1223,OnePlus,2.51354474,1,19,0,172,188,1,12,8805,6,1,1,0,Android,3361.19
1414,OnePlus,3.205276567,0,19,0,234,194,7,11,9663,4,0,0,1,Android,6682.05
4917,OnePlus,3.29274178,0,19,1,176,135,3,33,6653,6,1,1,0,Android,4770.46
2375,OnePlus,2.909152472,1,4,0,245,177,5,38,4647,14,1,0,1,Android,3737.7
4517,Itel,3.28524095,1,12,0,171,156,6,25,5711,19,1,0,0,Android,4761.84
4976,Itel,1.463186775,1,14,1,44,160,1,25,5549,15,0,0,1,Android,2425.26
4303,Itel,1.352932104,1,11,0,74,103,4,16,4198,2,0,1,0,Android,433.65
2276,Itel,1.513696192,0,11,0,218,141,2,16,8835,2,1,0,1,Android,2968.15
1113,Itel,3.14783359,0,1,0,106,219,3,38,2130,10,1,0,0,Android,848.33
4297,Itel,2.999825759,1,6,0,141,246,6,23,6058,11,0,0,1,Android,1880.43
2154,Itel,3.5,0,17,1,231,141,1,13,9547,3,0,0,1,Android,2335.05
3542,Itel,3.322120633,0,12,0,151,107,1,41,8397,23,1,1,0,Android,5856.81
2003,Itel,2.567750454,0,0,1,9,233,7,44,3086,20,1,1,1,Android,1774.25
3572,Itel,2.746701373,0,15,0,9,109,4,24,8737,16,0,0,1,Android,6037.08
3970,Itel,2.419705293,0,4,1,116,199,4,37,6875,22,1,1,1,Android,3569.96
1953,Itel,1.602328179,1,0,1,139,180,5,22,7938,11,0,0,0,Android,883.34
1553,Itel,1.841046734,0,12,0,5,227,1,35,1561,10,0,1,1,Android,560.68
3762,Itel,3.11857649,0,3,1,15,243,4,32,7579,22,0,0,0,Android,7712.66
4553,Itel,3.5,1,6,0,162,142,1,16,7294,15,1,0,0,Android,1664.78
3575,Apple,3.5,1,12,0,35,144,3,29,7521,13,1,1,1,iOS,5412.44
3865,Apple,2.247392443,1,15,0,211,193,3,25,7561,2,1,0,1,iOS,5183.06
3446,Apple,2.450289576,1,6,0,38,105,3,8,5683,6,1,0,1,iOS,1207.75
1545,Apple,3.316485682,0,4,1,104,232,7,30,3154,15,1,0,1,iOS,3266.25
5004,Apple,1.905114775,0,17,1,104,138,5,37,8786,19,0,1,0,iOS,1960.54
2438,Apple,2.262411703,0,0,1,170,101,2,36,8346,6,0,1,1,iOS,3173.65
2688,Apple,1.815546666,0,15,1,170,183,3,5,5378,21,0,1,1,iOS,3342.41
5530,Apple,2.573321393,0,11,1,75,184,7,31,5471,6,1,1,1,iOS,4563.54
3734,Apple,2.887539277,1,8,1,197,174,3,40,7956,11,0,0,1,iOS,7116.9
3132,Apple,1.946004463,1,7,1,167,186,5,4,2943,9,1,0,0,iOS,265.28
1334,Apple,3.5,1,19,1,105,237,7,23,6937,23,1,0,0,iOS,1193.01
2995,Apple,2.590084059,1,4,0,60,213,2,8,4854,20,1,1,0,iOS,2256.2
3707,Apple,1.664854816,1,11,1,46,119,2,49,6966,6,0,0,0,iOS,804.58
5211,Apple,2.128812805,0,2,1,234,186,5,44,8083,17,0,0,0,iOS,1530.13
2991,Apple,2.127006887,0,4,1,138,148,6,45,5451,6,0,0,0,iOS,1796.88
5157,Apple,2.047901826,1,1,0,90,203,1,17,9061,5,1,1,1,iOS,5847.46
3320,Apple,3.5,1,0,1,73,110,4,15,5158,20,1,0,1,iOS,6074.77
2605,Apple,2.445572915,0,8,1,27,248,1,9,1855,22,0,1,1,iOS,856.45
4997,Apple,2.05112792,0,13,1,147,189,4,6,9337,23,1,0,0,iOS,1381.5
1323,Apple,0.937973413,1,1,1,156,199,4,2,9315,2,1,0,1,iOS,2618.05
4771,Apple,2.213029966,1,3,0,103,187,2,10,8449,16,0,0,1,iOS,5688.63
2443,Apple,2.347470237,0,11,1,136,132,2,39,8255,5,0,1,0,iOS,4810.55
5584,Apple,1.449302506,0,13,1,232,110,2,21,8945,5,0,0,0,iOS,1761.59
1461,Apple,1.243615244,1,7,0,120,137,5,40,3144,15,0,1,0,iOS,146.62
5628,Apple,1.532315077,1,2,1,99,138,6,38,5262,9,0,1,0,iOS,235.5
4803,Apple,3.298139333,1,12,1,231,123,7,45,4697,11,0,0,1,iOS,867.08
4913,Apple,1.28637343,0,15,1,193,201,5,45,7283,14,1,0,1,iOS,2413.67
2335,Apple,3.5,1,17,0,197,111,5,34,6817,15,1,0,1,iOS,1016.09
3038,Apple,1.160829881,1,9,0,218,135,4,24,6452,5,0,1,1,iOS,2475.53
3574,Apple,1.816160691,0,0,0,6,196,5,36,4799,13,1,0,0,iOS,726.67
2916,Apple,1.250787765,0,11,1,220,114,2,26,2708,4,1,1,1,iOS,555.35
2273,Apple,2.063926962,1,4,1,99,144,3,45,7617,2,0,0,1,iOS,435.32
2420,Apple,3.270596788,0,15,1,120,237,1,29,4683,3,0,1,0,iOS,1232.25
2369,Apple,1.600978707,0,16,1,250,246,7,6,8673,20,1,1,0,iOS,2095.89
1981,Apple,0.94530537,0,0,0,88,227,5,49,2313,13,1,1,0,iOS,635.03
3255,Apple,2.630488589,0,19,0,162,189,6,39,4001,9,1,0,0,iOS,382.98
1765,Apple,2.155234637,0,16,0,209,169,1,39,7560,13,0,1,0,iOS,5336.18
2931,Apple,1.667615896,1,16,0,134,167,5,37,6649,6,1,1,1,iOS,3703.71
2504,Apple,2.321616658,0,18,1,131,145,1,19,8030,4,0,0,1,iOS,3438.3
1635,Apple,3.196775548,1,11,0,245,244,4,22,8327,2,1,0,1,iOS,5145.7
3669,Apple,2.432746745,1,9,0,72,131,2,23,3208,23,0,0,0,iOS,1404.36
2215,Apple,3.5,1,8,0,158,177,4,15,3688,12,0,0,0,iOS,4438.97
3929,Apple,1.839847502,0,7,1,4,149,1,33,2640,13,0,0,1,iOS,1395.07
2233,Apple,3.191095837,0,10,1,159,124,5,24,5065,10,1,0,1,iOS,982.53
5036,Apple,3.139965758,0,11,1,92,208,7,47,8813,4,0,0,0,iOS,5012.35
3462,Apple,1.014437166,1,0,0,25,182,2,32,8642,16,1,0,0,iOS,623.72
4691,Apple,3.288467508,1,16,1,191,219,1,21,9220,10,0,1,0,iOS,7772.41
5308,Apple,2.082917956,1,18,0,146,121,5,14,9265,18,1,0,0,iOS,5226.92
1544,Apple,1.892256204,1,16,1,92,106,7,38,5144,4,1,0,0,iOS,3068.6
1554,Apple,1.459578483,0,19,1,235,127,4,6,6204,18,0,1,0,iOS,2621.06
3330,Apple,1.420596278,1,15,1,113,214,2,24,9382,10,0,0,0,iOS,4043.69
1992,Itel,2.396595761,0,3,0,53,141,5,27,3702,13,0,1,1,Android,2494.61
1783,Itel,1.330864543,0,13,0,41,191,6,14,5241,5,0,0,0,Android,518.48
1470,Itel,2.132113272,0,0,0,53,222,5,15,3441,6,1,1,0,Android,221.77
5069,Itel,1.516587208,1,17,0,192,220,6,34,5576,7,1,1,0,Android,533.72
3215,Itel,2.454913621,1,18,1,106,200,1,41,4592,18,0,0,1,Android,1515.36
1024,Itel,1.447394658,1,16,0,191,192,7,25,7929,14,1,1,1,Android,2881.95
3319,Itel,1.097134035,0,18,0,82,150,6,37,5229,20,1,0,1,Android,432.07
2858,Itel,3.363887863,0,2,0,13,118,7,3,5307,13,0,0,1,Android,5347.11
3390,Itel,1.320139921,1,13,1,54,249,5,38,9008,18,0,1,0,Android,657.32
2730,Itel,1.187419145,0,18,1,226,135,4,31,3244,11,0,0,1,Android,237.03
4591,Itel,3.244322798,1,1,1,117,201,2,9,5408,12,1,0,1,Android,4105.88
1573,Itel,1.588609309,0,9,1,246,248,4,35,3206,19,1,1,1,Android,330.98
3398,Samsung,2.066610306,0,2,0,133,120,5,7,8480,7,0,1,1,Android,1283.88
1132,Samsung,3.46813858,1,10,1,80,224,2,6,2419,2,1,1,1,Android,1784.1
2090,Samsung,2.433012824,0,10,0,163,100,2,24,2983,22,1,0,0,Android,2036.9
1276,Samsung,1.340661655,1,7,0,101,182,7,11,4614,11,1,1,1,Android,1377.97
4207,Samsung,2.675627238,0,8,0,253,161,6,41,2933,6,0,1,1,Android,2632.56
3296,Samsung,2.37557784,1,7,0,9,127,3,39,6379,21,0,0,1,Android,848.3
3470,Samsung,2.880131046,1,12,1,192,116,4,15,4781,4,0,1,1,Android,922.69
1262,Samsung,3.074666826,1,18,1,125,103,6,48,7546,15,0,0,1,Android,4410.03
2247,Samsung,3.5,0,15,1,102,119,5,16,4858,19,1,0,1,Android,4858.74
5425,Samsung,3.190926808,1,7,0,223,168,6,30,4360,19,0,1,0,Android,3024.74
4150,Samsung,2.436052489,1,1,1,99,112,4,2,4689,22,0,1,1,Android,3811.49
1692,Samsung,2.163609921,0,14,1,169,121,2,24,5001,19,0,1,0,Android,3352.86
3402,Samsung,3.5,0,4,1,126,227,4,18,6361,20,1,1,0,Android,5777.92
2807,Samsung,3.5,1,10,0,144,142,7,14,5473,9,1,0,1,Android,701.04
2166,Samsung,1.731099914,1,19,1,94,197,6,2,3534,13,0,0,1,Android,1471.81
2160,Samsung,2.105764499,0,3,0,101,222,5,5,9070,15,1,0,0,Android,2638.42
2059,Samsung,2.424150662,0,11,1,22,248,6,39,2710,18,1,1,1,Android,1173.65
1701,Samsung,1.15512889,1,2,0,116,174,4,48,9058,20,1,1,1,Android,759.05
2837,Huawei,3.125031724,1,13,0,252,204,7,43,6543,5,1,1,1,iOS,5651.94
3736,Huawei,2.457301174,1,7,0,21,202,3,21,6204,4,0,0,0,iOS,4134.16
1794,Huawei,1.349565211,1,13,0,231,114,7,24,7716,2,1,0,1,iOS,1892.03
2164,Huawei,1.770459138,1,1,0,116,235,2,10,8679,18,1,1,1,iOS,4725.9
4832,Huawei,2.721752966,1,17,0,157,208,1,20,6758,15,1,0,1,iOS,4813.21
2044,Huawei,2.176870904,1,5,1,142,221,2,19,7506,16,0,0,1,iOS,2211.18
4831,Huawei,1.740306978,0,13,1,221,131,6,35,1591,8,0,0,1,iOS,451.99
2335,Huawei,2.591814421,0,0,1,93,107,2,7,6752,3,0,1,0,iOS,4424.62
4406,Huawei,1.277145879,1,19,1,102,138,1,36,2996,19,1,0,1,iOS,122.66
2812,Huawei,2.655731687,0,15,1,85,117,3,21,1224,3,0,0,0,iOS,470.98
2696,Huawei,1.55686529,0,14,1,165,246,2,3,2121,6,0,1,0,iOS,147.05
2281,Huawei,3.004002228,1,8,1,82,139,7,33,2238,16,0,0,0,iOS,1603.26
3978,Huawei,2.764438694,1,18,0,100,239,1,35,4444,22,1,1,1,iOS,3375.3
4188,Huawei,1.384217601,1,9,1,222,195,5,12,7119,13,1,1,1,iOS,1479.3
1505,Huawei,1.74058035,0,5,0,184,197,2,44,3551,7,0,0,0,iOS,1290.45
2192,Huawei,1.973796214,0,2,0,59,131,3,22,4925,5,0,0,0,iOS,2444.03
2987,Huawei,2.425804584,1,14,0,68,149,5,40,4090,16,0,0,1,iOS,2742.51
2979,Huawei,2.253753779,0,6,1,3,168,4,3,4564,15,1,1,0,iOS,1235.88
3079,Huawei,1.666236712,1,13,0,6,133,6,40,5470,13,1,0,1,iOS,845.52
5298,Huawei,2.234362165,0,9,0,197,117,2,2,3640,12,0,0,0,iOS,2440.05
4130,Samsung,2.070902963,0,4,0,141,143,7,17,7517,17,0,0,1,Android,710.78
2185,Samsung,1.608816087,0,16,1,233,157,4,21,3920,15,0,1,0,Android,2082.51
1872,Samsung,2.66082095,1,19,1,148,124,4,33,8625,23,1,1,0,Android,7085.41
2900,Samsung,3.5,1,14,0,176,104,5,41,8849,14,0,1,1,Android,4400.08
3511,Samsung,3.441318276,1,16,0,91,163,7,11,2921,14,0,0,1,Android,958.8
4260,Samsung,2.503181627,0,12,0,69,102,3,10,5726,10,1,1,1,Android,2469.46
4955,Samsung,3.272580612,0,5,1,236,208,1,38,6898,9,1,1,1,Android,3493.69
3510,Samsung,3.5,1,5,0,62,236,1,28,6211,17,1,1,1,Android,2215.56
1890,Samsung,1.809031151,0,0,0,178,133,3,48,9645,8,1,1,1,Android,2310.93
1542,Samsung,1.843251183,1,7,1,119,192,4,7,5910,16,1,1,1,Android,571.6
1102,Samsung,1.432307023,1,16,0,44,110,2,27,7431,4,0,1,1,Android,2287.59
3121,Samsung,1.886280075,1,3,1,170,211,6,34,3955,20,1,0,1,Android,209.66
4267,Samsung,1.318844408,1,11,1,18,196,3,28,6476,15,0,0,0,Android,661.42
4791,Tecno,2.484333861,1,8,1,50,216,1,16,2377,13,1,1,1,Android,221.86
4127,Tecno,1.428560323,1,16,0,88,237,3,45,5710,9,0,1,0,Android,2155.21
2596,Tecno,1.45731427,1,10,1,200,186,2,28,5452,21,0,1,0,Android,2273.14
3759,Tecno,2.410745726,1,10,1,72,121,6,26,8917,2,1,0,1,Android,3771.55
5461,Tecno,2.504490626,1,2,1,224,142,1,11,3403,17,1,1,0,Android,2228.85
4237,Tecno,1.680414116,0,14,1,239,239,5,9,7379,10,1,1,1,Android,2506.4
4540,Tecno,1.127087932,1,8,0,70,116,4,39,5270,9,0,1,1,Android,1174.83
5398,Tecno,2.880446431,1,6,1,191,157,3,43,5536,15,1,0,1,Android,431.93
3815,Tecno,3.43107091,0,7,0,156,235,6,43,2474,17,0,1,0,Android,399.94
2633,Tecno,2.677830848,1,11,0,16,146,5,41,2541,8,0,0,1,Android,904.53
3460,Tecno,1.260089512,0,15,1,143,139,5,9,7307,8,0,0,1,Android,1269.7
3748,Tecno,3.5,1,15,1,140,121,5,6,7095,3,0,1,1,Android,7424.18
4078,Tecno,3.131208312,1,15,0,47,205,1,21,1615,15,1,0,0,Android,432.19
2562,Tecno,2.515784426,0,13,1,179,237,7,27,2315,21,0,0,0,Android,943.45
4856,Tecno,1.314515912,0,14,1,45,193,7,22,8074,12,0,1,0,Android,3244
5480,Tecno,1.347140063,0,10,0,4,234,6,14,8150,13,0,1,0,Android,1328.03
4796,OnePlus,3.291687179,0,13,0,18,185,7,46,4750,3,0,0,0,iOS,926.49
2670,OnePlus,1.687487081,1,5,1,8,202,7,21,1602,13,0,0,0,iOS,905.31
2744,OnePlus,2.464860412,0,15,0,80,109,2,14,3810,13,1,1,1,iOS,1162.21
4900,OnePlus,2.702369445,1,14,0,175,201,5,45,4222,3,0,0,0,iOS,3781.38
4107,OnePlus,2.580306643,0,2,0,254,109,6,32,4294,22,0,0,0,iOS,1218.82
4947,OnePlus,3.5,1,3,1,214,240,1,7,6118,22,1,1,0,iOS,3973.3
2518,OnePlus,1.844205863,0,7,0,145,103,3,7,9011,19,0,0,0,iOS,3801.98
1353,OnePlus,1.176989403,1,8,1,174,199,4,32,8818,19,1,1,0,iOS,1563.83
4741,OnePlus,3.5,0,12,0,9,196,2,13,2672,8,1,0,0,iOS,1674.82
4234,OnePlus,2.850638702,1,14,0,19,141,5,22,3243,5,0,0,0,iOS,2243.72
4430,OnePlus,1.436078893,1,18,0,204,225,6,42,2517,22,0,1,0,iOS,1138.8
3904,OnePlus,3.142069144,0,19,0,84,139,1,34,7468,8,0,0,0,iOS,2953.59
1314,OnePlus,1.737675311,0,6,1,228,218,6,40,3986,17,0,1,1,iOS,1164.12
2178,OnePlus,2.600628942,0,10,0,148,237,3,19,8329,6,1,1,1,iOS,4031.96
4101,OnePlus,2.354863494,1,13,1,82,154,3,2,3413,5,1,1,0,iOS,951.85
1481,OnePlus,2.699061886,0,3,0,249,166,3,34,4576,18,1,1,1,iOS,1321.21
5634,OnePlus,2.280593899,0,6,1,119,210,2,18,8564,17,0,1,1,iOS,1813.82
5352,OnePlus,2.511672169,0,19,1,38,226,5,13,7209,7,1,1,1,iOS,656.82
1457,OnePlus,1.504866795,0,8,1,203,201,6,31,3797,20,1,0,0,iOS,546.28
1219,Itel,3.25737186,0,6,1,119,205,7,38,4577,2,0,1,1,Android,1573.86
3674,Itel,3.5,1,14,1,250,220,6,46,3324,13,0,1,0,Android,1893.76
2277,Itel,1.988449655,1,3,0,30,212,2,2,3048,15,0,0,0,Android,1409.01
4961,Itel,3.5,0,7,1,113,117,5,20,8658,10,0,1,0,Android,4529.32
4825,Itel,2.237507944,1,18,0,36,166,6,14,2102,14,1,0,1,Android,1150.24
4841,Itel,1.402679034,0,18,0,146,162,6,9,4098,16,1,0,0,Android,300.12
3596,Itel,2.456109167,0,8,0,121,152,7,40,8339,4,1,0,1,Android,2094.11
2549,Itel,1.735973228,1,7,0,164,184,7,16,4317,4,1,1,0,Android,1995.89
2803,Itel,1.191250896,0,2,1,115,138,2,18,8372,6,1,0,0,Android,321.78
3522,Itel,3.051041598,1,8,0,238,190,7,33,4293,20,1,0,0,Android,596.03
1151,Itel,2.773845239,0,13,1,186,202,3,48,4877,14,0,1,0,Android,1962.47
2188,Huawei,2.722146004,0,14,0,251,230,5,16,3551,18,1,1,0,iOS,2264.66
1622,Huawei,3.5,0,16,0,109,114,7,19,9708,20,0,1,0,iOS,1220.55
4636,Huawei,2.074197472,1,17,0,133,121,2,29,2077,18,1,0,1,iOS,979.93
2375,Apple,1.763742507,0,0,0,133,225,7,8,6626,9,0,1,0,iOS,2194.68
4215,Apple,1.989615641,0,0,1,39,174,1,12,1756,3,0,1,1,iOS,223.45
2105,Apple,1.689945848,0,18,1,220,226,7,22,8746,9,0,0,0,iOS,2306.33
3858,Apple,2.088060852,1,16,0,34,164,7,21,8669,14,0,1,1,iOS,3782.37
4541,Apple,2.136327221,1,1,1,231,191,1,47,8338,20,1,1,0,iOS,5571.11
2812,Apple,1.447742598,0,18,0,75,136,1,35,3126,19,0,0,0,iOS,1234.88
3387,Apple,1.370417375,1,3,1,21,219,1,6,4521,22,0,1,0,iOS,1825.48
3592,Apple,1.589752084,0,15,0,140,145,3,11,6213,2,0,0,0,iOS,2685.4
2395,Apple,2.797622399,1,3,0,13,123,4,36,7668,8,0,0,0,iOS,873.19
4757,Apple,3.5,1,8,0,165,213,4,33,3716,13,1,1,0,iOS,1914.72
1101,Apple,2.426905121,0,4,1,172,107,4,41,6193,9,0,1,1,iOS,1835.78
1356,Apple,2.519577094,0,7,0,215,166,7,30,4968,12,1,1,1,iOS,4183.56
2077,Apple,1.770888766,1,9,1,117,113,3,45,7785,22,0,0,0,iOS,2866.7
1699,Apple,2.647964206,0,6,0,191,205,1,32,2611,20,0,1,0,iOS,1625.51
5571,Apple,1.74266142,0,15,1,174,118,6,5,3443,14,0,1,0,iOS,831.17
2957,Apple,3.5,0,15,1,246,113,3,12,4251,11,1,1,1,iOS,3487.93
3080,OnePlus,2.621978727,0,16,1,107,157,3,33,7689,9,1,1,1,iOS,2708.86
4582,OnePlus,3.176442207,0,11,0,74,140,7,37,1583,14,0,1,0,iOS,428.85
5064,OnePlus,3.222061761,0,19,0,31,233,7,41,2637,11,0,0,0,iOS,2617.87
2862,OnePlus,2.318584733,1,15,0,222,175,3,20,6728,6,1,0,1,iOS,1361.84
3926,OnePlus,2.722629767,1,9,1,117,215,1,37,6973,10,1,1,1,iOS,6656.45
5010,OnePlus,3.261324685,0,14,1,182,212,4,9,8742,14,0,1,0,iOS,3386.13
2806,OnePlus,1.467280691,1,2,1,212,187,7,11,6276,16,0,0,0,iOS,2365.24
1940,OnePlus,2.510759875,1,12,0,124,241,7,48,6306,12,0,1,0,iOS,1993.69
5477,OnePlus,3.5,1,6,1,181,107,3,34,2584,20,1,1,1,iOS,604.07
4830,OnePlus,3.344735316,0,18,0,171,177,7,7,3723,16,0,1,0,iOS,3292.9
1189,Itel,3.066761359,1,16,0,189,215,1,13,3538,14,0,1,0,Android,3363.32
3588,Itel,2.368010924,0,13,1,68,109,5,36,5821,9,0,0,1,Android,2942.61
3355,Itel,2.658924249,0,4,0,140,181,1,20,3922,11,1,1,0,Android,1820.12
3315,Itel,3.5,1,16,0,59,187,5,8,4337,14,0,1,1,Android,4723.2
3985,Itel,1.585993998,1,1,1,36,224,3,36,2531,21,1,1,0,Android,938.15
3856,Itel,1.773556852,1,14,0,74,133,6,28,8817,8,0,1,0,Android,5353.62
2155,Itel,3.163448969,0,4,0,201,133,4,22,7184,23,1,1,0,Android,3736.59
2313,Itel,2.136937065,0,14,1,247,140,6,8,3453,7,0,0,0,Android,1457.24
4416,Itel,3.217393092,1,9,0,152,148,7,38,5793,9,1,0,0,Android,4391.75
1669,Itel,2.786693806,1,19,1,99,125,7,26,3264,11,1,1,0,Android,300.59
5266,Itel,1.195426094,1,9,0,42,100,3,35,6908,5,1,1,0,Android,2696.48
1938,Itel,3.180173634,1,13,1,8,183,2,42,5217,23,0,0,0,Android,1024.38
3100,Itel,2.973802808,1,0,0,192,245,5,20,8674,14,1,1,1,Android,6499.84
963,Itel,1.886187409,1,18,1,149,221,7,4,1290,20,0,1,1,Android,515.92
4070,Apple,3.109839481,1,4,1,53,205,7,47,6376,23,0,1,0,iOS,3609.84
2003,Apple,3.129697685,0,4,1,140,165,3,35,2668,12,1,0,0,iOS,643.89
1403,Apple,2.475443958,0,19,1,187,245,7,29,5304,5,0,0,0,iOS,4008.09
2765,Apple,2.982022191,1,3,0,190,228,3,31,2387,15,1,0,1,iOS,1860.53
5662,Apple,0.887866986,0,16,0,116,191,4,40,2946,13,1,1,0,iOS,661.18
1614,Apple,1.972489285,0,2,0,92,178,3,28,2681,20,0,0,0,iOS,560.08
3800,Apple,1.431436918,1,16,1,153,103,4,16,3197,3,0,0,1,iOS,1302.81
1244,Tecno,1.455256041,0,9,1,2,240,3,17,4063,5,0,1,0,Android,370.5
2638,Tecno,2.976828322,0,5,1,71,170,1,30,6800,3,0,0,0,Android,5904.48
4517,Tecno,2.828103285,0,14,1,95,184,1,37,6160,4,0,1,1,Android,1882.07
2195,Huawei,3.025448365,1,2,1,140,187,2,3,8309,23,1,0,0,iOS,2548.09
4431,Huawei,3.5,1,4,1,66,116,5,15,4136,22,1,0,0,iOS,1140.92
4050,Huawei,1.434164254,0,11,0,229,129,3,13,3008,9,0,0,0,iOS,1458.01
5448,Huawei,1.890128933,0,7,0,238,127,7,5,4401,20,1,1,1,iOS,313.81
3315,Huawei,2.379804841,1,3,1,31,241,5,15,5306,16,1,0,1,iOS,1694.89
3977,Huawei,3.357399288,1,12,1,41,104,4,24,3696,17,1,1,1,iOS,2662.46
4093,Huawei,2.096478522,1,5,0,5,108,3,24,6080,7,0,1,0,iOS,697.12
1569,Huawei,2.007452799,0,16,1,129,126,2,41,4060,5,1,0,0,iOS,2218.19
1015,Huawei,3.12528424,0,13,1,100,162,5,2,7446,10,0,1,0,iOS,2251.96
5237,Huawei,3.362499762,0,10,0,204,163,3,49,7740,14,0,1,0,iOS,2346.81
4470,OnePlus,3.153268661,1,7,0,43,104,6,46,6687,16,0,0,0,iOS,5344.1
2072,Samsung,3.5,0,16,0,40,136,3,9,8608,11,0,1,1,Android,8971.37
2615,Samsung,3.202818397,1,3,1,24,128,1,4,4450,13,1,0,0,Android,640.26
5406,Samsung,2.73032571,0,3,0,93,164,6,8,2534,19,0,0,1,Android,900.04
1052,Samsung,2.068150972,1,19,1,250,152,5,33,4335,17,1,0,1,Android,1364.78
2838,Samsung,1.795190258,0,8,0,250,167,1,37,6169,5,0,1,1,Android,2649.78
3998,Apple,2.151459387,1,5,1,83,195,7,40,4942,2,1,1,1,iOS,525.13
